Workbook
Name Slicer_Department: #N/A
Name Slicer_Employment_Status: #N/A
Name Slicer_Employment_Year: #N/A
Name Slicer_Performance_Band: #N/A

Sheet Raw_Employee_Data
B1: Emp ID | C1: Full_Name | D1: Dept_Code | E1: Department | F1: Hire Date | G1: Employment Year | H1: Salary | I1: Perf_Score | J1: Years of Service | K1: Performance_Band | L1: Bonus_Percentage | M1: Eligible Bonus Amount | N1: Employment Status | O1: Column2
B2: EMP127 | C2: Emily Brown | D2: IT02 | E2: =_xlfn.XLOOKUP(D2,Lookup_Departments!$A$2:$A$7,Lookup_Departments!$B$2:$B$7,"Invalid Dept_Code",0) -> Information Technology | F2: 43093 | G2: =TEXT(Table1[[#This Row],[Hire Date ]],"yyyy") -> 2017 | H2: 50361 | I2: 52 | J2: =DATEDIF(F2,TODAY(),"Y") -> 8 | K2: {=_xlfn.IFS(I2<=49,"Needs Improvement",I2<=69,"Developing",I2<=84,"Achieving",I2<=94,"Exceeding",I2<=100,"Outstanding")} -> Developing | L2: =_xlfn.XLOOKUP(K2,Lookup_Performance!$C$2:$C$6,Lookup_Performance!$D$2:$D$6,"N/A",0) -> 0.02 | M2: =H2*L2 -> 1007.22 | N2: Active | O2: =TRIM(CLEAN(Table1[[#This Row],[Employment Status]])) -> Active
B3: EMP046 | C3: Richard Hernandez | D3: MKT04 | E3: =_xlfn.XLOOKUP(D3,Lookup_Departments!$A$2:$A$7,Lookup_Departments!$B$2:$B$7,"Invalid Dept_Code",0) -> Marketing | F3: 44659 | G3: =TEXT(Table1[[#This Row],[Hire Date ]],"yyyy") -> 2022 | H3: 112673 | I3: 68 | J3: =DATEDIF(F3,TODAY(),"Y") -> 4 | K3: {=_xlfn.IFS(I3<=49,"Needs Improvement",I3<=69,"Developing",I3<=84,"Achieving",I3<=94,"Exceeding",I3<=100,"Outstanding")} -> Developing | L3: =_xlfn.XLOOKUP(K3,Lookup_Performance!$C$2:$C$6,Lookup_Performance!$D$2:$D$6,"N/A",0) -> 0.02 | M3: =H3*L3 -> 2253.46 | N3: Active | O3: =TRIM(CLEAN(Table1[[#This Row],[Employment Status]])) -> Active
B4: EMP134 | C4: Emily Gonzalez | D4: IT02 | E4: =_xlfn.XLOOKUP(D4,Lookup_Departments!$A$2:$A$7,Lookup_Departments!$B$2:$B$7,"Invalid Dept_Code",0) -> Information Technology | F4: 42431 | G4: =TEXT(Table1[[#This Row],[Hire Date ]],"yyyy") -> 2016 | H4: 114425 | I4: 54 | J4: =DATEDIF(F4,TODAY(),"Y") -> 10 | K4: {=_xlfn.IFS(I4<=49,"Needs Improvement",I4<=69,"Developing",I4<=84,"Achieving",I4<=94,"Exceeding",I4<=100,"Outstanding")} -> Developing | L4: =_xlfn.XLOOKUP(K4,Lookup_Performance!$C$2:$C$6,Lookup_Performance!$D$2:$D$6,"N/A",0) -> 0.02 | M4: =H4*L4 -> 2288.5 | N4: Left | O4: =TRIM(CLEAN(Table1[[#This Row],[Employment Status]])) -> Left
B5: EMP139 | C5: John Martinez | D5: FIN03 | E5: =_xlfn.XLOOKUP(D5,Lookup_Departments!$A$2:$A$7,Lookup_Departments!$B$2:$B$7,"Invalid Dept_Code",0) -> Finance | F5: 45110 | G5: =TEXT(Table1[[#This Row],[Hire Date ]],"yyyy") -> 2023 | H5: 103831 | I5: 70 | J5: =DATEDIF(F5,TODAY(),"Y") -> 3 | K5: {=_xlfn.IFS(I5<=49,"Needs Improvement",I5<=69,"Developing",I5<=84,"Achieving",I5<=94,"Exceeding",I5<=100,"Outstanding")} -> Achieving | L5: =_xlfn.XLOOKUP(K5,Lookup_Performance!$C$2:$C$6,Lookup_Performance!$D$2:$D$6,"N/A",0) -> 0.05 | M5: =H5*L5 -> 5191.55 | N5: Active | O5: =TRIM(CLEAN(Table1[[#This Row],[Employment Status]])) -> Active
B6: EMP112 | C6: Thomas Smith | D6: IT02 | E6: =_xlfn.XLOOKUP(D6,Lookup_Departments!$A$2:$A$7,Lookup_Departments!$B$2:$B$7,"Invalid Dept_Code",0) -> Information Technology | F6: 44977 | G6: =TEXT(Table1[[#This Row],[Hire Date ]],"yyyy") -> 2023 | H6: 73785 | I6: 40 | J6: =DATEDIF(F6,TODAY(),"Y") -> 3 | K6: {=_xlfn.IFS(I6<=49,"Needs Improvement",I6<=69,"Developing",I6<=84,"Achieving",I6<=94,"Exceeding",I6<=100,"Outstanding")} -> Needs Improvement | L6: =_xlfn.XLOOKUP(K6,Lookup_Performance!$C$2:$C$6,Lookup_Performance!$D$2:$D$6,"N/A",0) -> 0 | M6: =H6*L6 -> 0 | N6: Left | O6: =TRIM(CLEAN(Table1[[#This Row],[Employment Status]])) -> Left
B7: EMP030 | C7: Emily Johnson | D7: OPS06 | E7: =_xlfn.XLOOKUP(D7,Lookup_Departments!$A$2:$A$7,Lookup_Departments!$B$2:$B$7,"Invalid Dept_Code",0) -> Operations | F7: 43892 | G7: =TEXT(Table1[[#This Row],[Hire Date ]],"yyyy") -> 2020 | H7: 115882 | I7: 49 | J7: =DATEDIF(F7,TODAY(),"Y") -> 6 | K7: {=_xlfn.IFS(I7<=49,"Needs Improvement",I7<=69,"Developing",I7<=84,"Achieving",I7<=94,"Exceeding",I7<=100,"Outstanding")} -> Needs Improvement | L7: =_xlfn.XLOOKUP(K7,Lookup_Performance!$C$2:$C$6,Lookup_Performance!$D$2:$D$6,"N/A",0) -> 0 | M7: =H7*L7 -> 0 | N7: Active | O7: =TRIM(CLEAN(Table1[[#This Row],[Employment Status]])) -> Active
B8: EMP096 | C8: John Wilson | D8: OPS06 | E8: =_xlfn.XLOOKUP(D8,Lookup_Departments!$A$2:$A$7,Lookup_Departments!$B$2:$B$7,"Invalid Dept_Code",0) -> Operations | F8: 45272 | G8: =TEXT(Table1[[#This Row],[Hire Date ]],"yyyy") -> 2023 | H8: 59980 | I8: 70 | J8: =DATEDIF(F8,TODAY(),"Y") -> 2 | K8: {=_xlfn.IFS(I8<=49,"Needs Improvement",I8<=69,"Developing",I8<=84,"Achieving",I8<=94,"Exceeding",I8<=100,"Outstanding")} -> Achieving | L8: =_xlfn.XLOOKUP(K8,Lookup_Performance!$C$2:$C$6,Lookup_Performance!$D$2:$D$6,"N/A",0) -> 0.05 | M8: =H8*L8 -> 2999 | N8: Left | O8: =TRIM(CLEAN(Table1[[#This Row],[Employment Status]])) -> Left
B9: EMP098 | C9: Jessica Smith | D9: OPS06 | E9: =_xlfn.XLOOKUP(D9,Lookup_Departments!$A$2:$A$7,Lookup_Departments!$B$2:$B$7,"Invalid Dept_Code",0) -> Operations | F9: 44174 | G9: =TEXT(Table1[[#This Row],[Hire Date ]],"yyyy") -> 2020 | H9: 68728 | I9: 45 | J9: =DATEDIF(F9,TODAY(),"Y") -> 5 | K9: {=_xlfn.IFS(I9<=49,"Needs Improvement",I9<=69,"Developing",I9<=84,"Achieving",I9<=94,"Exceeding",I9<=100,"Outstanding")} -> Needs Improvement | L9: =_xlfn.XLOOKUP(K9,Lookup_Performance!$C$2:$C$6,Lookup_Performance!$D$2:$D$6,"N/A",0) -> 0 | M9: =H9*L9 -> 0 | N9: Active | O9: =TRIM(CLEAN(Table1[[#This Row],[Employment Status]])) -> Active
B10: EMP095 | C10: Rodriguez | D10: FIN03 | E10: =_xlfn.XLOOKUP(D10,Lookup_Departments!$A$2:$A$7,Lookup_Departments!$B$2:$B$7,"Invalid Dept_Code",0) -> Finance | F10: 43107 | G10: =TEXT(Table1[[#This Row],[Hire Date ]],"yyyy") -> 2018 | H10: 102139 | I10: 79 | J10: =DATEDIF(F10,TODAY(),"Y") -> 8 | K10: {=_xlfn.IFS(I10<=49,"Needs Improvement",I10<=69,"Developing",I10<=84,"Achieving",I10<=94,"Exceeding",I10<=100,"Outstanding")} -> Achieving | L10: =_xlfn.XLOOKUP(K10,Lookup_Performance!$C$2:$C$6,Lookup_Performance!$D$2:$D$6,"N/A",0) -> 0.05 | M10: =H10*L10 -> 5106.95 | N10: Active | O10: =TRIM(CLEAN(Table1[[#This Row],[Employment Status]])) -> Active
B11: EMP140 | C11: Michael Martinez | D11: SAL05 | E11: =_xlfn.XLOOKUP(D11,Lookup_Departments!$A$2:$A$7,Lookup_Departments!$B$2:$B$7,"Invalid Dept_Code",0) -> Sales | F11: 42676 | G11: =TEXT(Table1[[#This Row],[Hire Date ]],"yyyy") -> 2016 | H11: 94998 | I11: 58 | J11: =DATEDIF(F11,TODAY(),"Y") -> 9 | K11: {=_xlfn.IFS(I11<=49,"Needs Improvement",I11<=69,"Developing",I11<=84,"Achieving",I11<=94,"Exceeding",I11<=100,"Outstanding")} -> Developing | L11: =_xlfn.XLOOKUP(K11,Lookup_Performance!$C$2:$C$6,Lookup_Performance!$D$2:$D$6,"N/A",0) -> 0.02 | M11: =H11*L11 -> 1899.96 | N11: Active | O11: =TRIM(CLEAN(Table1[[#This Row],[Employment Status]])) -> Active
B12: EMP020 | C12: Emily Miller | D12: SAL05 | E12: =_xlfn.XLOOKUP(D12,Lookup_Departments!$A$2:$A$7,Lookup_Departments!$B$2:$B$7,"Invalid Dept_Code",0) -> Sales | F12: 43911 | G12: =TEXT(Table1[[#This Row],[Hire Date ]],"yyyy") -> 2020 | H12: 118635 | I12: 49 | J12: =DATEDIF(F12,TODAY(),"Y") -> 6 | K12: {=_xlfn.IFS(I12<=49,"Needs Improvement",I12<=69,"Developing",I12<=84,"Achieving",I12<=94,"Exceeding",I12<=100,"Outstanding")} -> Needs Improvement | L12: =_xlfn.XLOOKUP(K12,Lookup_Performance!$C$2:$C$6,Lookup_Performance!$D$2:$D$6,"N/A",0) -> 0 | M12: =H12*L12 -> 0 | N12: Active | O12: =TRIM(CLEAN(Table1[[#This Row],[Employment Status]])) -> Active
B13: EMP057 | C13: Emily Hernandez | D13: IT02 | E13: =_xlfn.XLOOKUP(D13,Lookup_Departments!$A$2:$A$7,Lookup_Departments!$B$2:$B$7,"Invalid Dept_Code",0) -> Information Technology | F13: 42425 | G13: =TEXT(Table1[[#This Row],[Hire Date ]],"yyyy") -> 2016 | H13: 76918 | I13: 62 | J13: =DATEDIF(F13,TODAY(),"Y") -> 10 | K13: {=_xlfn.IFS(I13<=49,"Needs Improvement",I13<=69,"Developing",I13<=84,"Achieving",I13<=94,"Exceeding",I13<=100,"Outstanding")} -> Developing | L13: =_xlfn.XLOOKUP(K13,Lookup_Performance!$C$2:$C$6,Lookup_Performance!$D$2:$D$6,"N/A",0) -> 0.02 | M13: =H13*L13 -> 1538.36 | N13: Active | O13: =TRIM(CLEAN(Table1[[#This Row],[Employment Status]])) -> Active
... B38: EMP043 | C38: John Wilson | D38: OPS06 | E38: =_xlfn.XLOOKUP(D38,Lookup_Departments!$A$2:$A$7,Lookup_Departments!$B$2:$B$7,"Invalid Dept_Code",0) -> Operations | F38: 44776 | G38: =TEXT(Table1[[#This Row],[Hire Date ]],"yyyy") -> 2022 | H38: 111845 | I38: 98 | J38: =DATEDIF(F38,TODAY(),"Y") -> 3 | K38: {=_xlfn.IFS(I38<=49,"Needs Improvement",I38<=69,"Developing",I38<=84,"Achieving",I38<=94,"Exceeding",I38<=100,"Outstanding")} -> Outstanding | L38: =_xlfn.XLOOKUP(K38,Lookup_Performance!$C$2:$C$6,Lookup_Performance!$D$2:$D$6,"N/A",0) -> 0.12 | M38: =H38*L38 -> 13421.4 | N38: Active | O38: =TRIM(CLEAN(Table1[[#This Row],[Employment Status]])) -> Active
B39: EMP068 | C39: Melissa Brown | D39: SAL05 | E39: =_xlfn.XLOOKUP(D39,Lookup_Departments!$A$2:$A$7,Lookup_Departments!$B$2:$B$7,"Invalid Dept_Code",0) -> Sales | F39: 06/29/2022 | G39: =TEXT(Table1[[#This Row],[Hire Date ]],"yyyy") -> 2022 | H39: 69219 | I39: 93 | J39: =DATEDIF(F39,TODAY(),"Y") -> 4 | K39: {=_xlfn.IFS(I39<=49,"Needs Improvement",I39<=69,"Developing",I39<=84,"Achieving",I39<=94,"Exceeding",I39<=100,"Outstanding")} -> Exceeding | L39: =_xlfn.XLOOKUP(K39,Lookup_Performance!$C$2:$C$6,Lookup_Performance!$D$2:$D$6,"N/A",0) -> 0.08 | M39: =H39*L39 -> 5537.52 | N39: Active | O39: =TRIM(CLEAN(Table1[[#This Row],[Employment Status]])) -> Active
B40: EMP128 | C40: Michael Smith | D40: FIN03 | E40: =_xlfn.XLOOKUP(D40,Lookup_Departments!$A$2:$A$7,Lookup_Departments!$B$2:$B$7,"Invalid Dept_Code",0) -> Finance | F40: 43949 | G40: =TEXT(Table1[[#This Row],[Hire Date ]],"yyyy") -> 2020 | H40: 95315 | I40: 80 | J40: =DATEDIF(F40,TODAY(),"Y") -> 6 | K40: {=_xlfn.IFS(I40<=49,"Needs Improvement",I40<=69,"Developing",I40<=84,"Achieving",I40<=94,"Exceeding",I40<=100,"Outstanding")} -> Achieving | L40: =_xlfn.XLOOKUP(K40,Lookup_Performance!$C$2:$C$6,Lookup_Performance!$D$2:$D$6,"N/A",0) -> 0.05 | M40: =H40*L40 -> 4765.75 | N40: Left | O40: =TRIM(CLEAN(Table1[[#This Row],[Employment Status]])) -> Left
B41: EMP027 | C41: Sarah Miller | D41: OPS06 | E41: =_xlfn.XLOOKUP(D41,Lookup_Departments!$A$2:$A$7,Lookup_Departments!$B$2:$B$7,"Invalid Dept_Code",0) -> Operations | F41: 09/09/2017 | G41: =TEXT(Table1[[#This Row],[Hire Date ]],"yyyy") -> 2017 | H41: 57514 | I41: 68 | J41: =DATEDIF(F41,TODAY(),"Y") -> 8 | K41: {=_xlfn.IFS(I41<=49,"Needs Improvement",I41<=69,"Developing",I41<=84,"Achieving",I41<=94,"Exceeding",I41<=100,"Outstanding")} -> Developing | L41: =_xlfn.XLOOKUP(K41,Lookup_Performance!$C$2:$C$6,Lookup_Performance!$D$2:$D$6,"N/A",0) -> 0.02 | M41: =H41*L41 -> 1150.28 | N41: Active | O41: =TRIM(CLEAN(Table1[[#This Row],[Employment Status]])) -> Active
B42: EMP136 | C42: Emily Wilson | D42: SAL05 | E42: =_xlfn.XLOOKUP(D42,Lookup_Departments!$A$2:$A$7,Lookup_Departments!$B$2:$B$7,"Invalid Dept_Code",0) -> Sales | F42: 43181 | G42: =TEXT(Table1[[#This Row],[Hire Date ]],"yyyy") -> 2018 | H42: 86245 | I42: 71 | J42: =DATEDIF(F42,TODAY(),"Y") -> 8 | K42: {=_xlfn.IFS(I42<=49,"Needs Improvement",I42<=69,"Developing",I42<=84,"Achieving",I42<=94,"Exceeding",I42<=100,"Outstanding")} -> Achieving | L42: =_xlfn.XLOOKUP(K42,Lookup_Performance!$C$2:$C$6,Lookup_Performance!$D$2:$D$6,"N/A",0) -> 0.05 | M42: =H42*L42 -> 4312.25 | N42: Left | O42: =TRIM(CLEAN(Table1[[#This Row],[Employment Status]])) -> Left
B43: EMP079 | C43: David Hernandez | D43: SAL05 | E43: =_xlfn.XLOOKUP(D43,Lookup_Departments!$A$2:$A$7,Lookup_Departments!$B$2:$B$7,"Invalid Dept_Code",0) -> Sales | F43: 43958 | G43: =TEXT(Table1[[#This Row],[Hire Date ]],"yyyy") -> 2020 | H43: 52407 | I43: 55 | J43: =DATEDIF(F43,TODAY(),"Y") -> 6 | K43: {=_xlfn.IFS(I43<=49,"Needs Improvement",I43<=69,"Developing",I43<=84,"Achieving",I43<=94,"Exceeding",I43<=100,"Outstanding")} -> Developing | L43: =_xlfn.XLOOKUP(K43,Lookup_Performance!$C$2:$C$6,Lookup_Performance!$D$2:$D$6,"N/A",0) -> 0.02 | M43: =H43*L43 -> 1048.14 | N43: Active | O43: =TRIM(CLEAN(Table1[[#This Row],[Employment Status]])) -> Active
B44: EMP149 | C44: James Smith | D44: OPS06 | E44: =_xlfn.XLOOKUP(D44,Lookup_Departments!$A$2:$A$7,Lookup_Departments!$B$2:$B$7,"Invalid Dept_Code",0) -> Operations | F44: 43549 | G44: =TEXT(Table1[[#This Row],[Hire Date ]],"yyyy") -> 2019 | H44: 66606 | I44: 93 | J44: =DATEDIF(F44,TODAY(),"Y") -> 7 | K44: {=_xlfn.IFS(I44<=49,"Needs Improvement",I44<=69,"Developing",I44<=84,"Achieving",I44<=94,"Exceeding",I44<=100,"Outstanding")} -> Exceeding | L44: =_xlfn.XLOOKUP(K44,Lookup_Performance!$C$2:$C$6,Lookup_Performance!$D$2:$D$6,"N/A",0) -> 0.08 | M44: =H44*L44 -> 5328.48 | N44: Resigned | O44: =TRIM(CLEAN(Table1[[#This Row],[Employment Status]])) -> Resigned
B45: EMP037 | C45: Sarah Williams | D45: IT02 | E45: =_xlfn.XLOOKUP(D45,Lookup_Departments!$A$2:$A$7,Lookup_Departments!$B$2:$B$7,"Invalid Dept_Code",0) -> Information Technology | F45: 43686 | G45: =TEXT(Table1[[#This Row],[Hire Date ]],"yyyy") -> 2019 | H45: 81896 | I45: 79 | J45: =DATEDIF(F45,TODAY(),"Y") -> 6 | K45: {=_xlfn.IFS(I45<=49,"Needs Improvement",I45<=69,"Developing",I45<=84,"Achieving",I45<=94,"Exceeding",I45<=100,"Outstanding")} -> Achieving | L45: =_xlfn.XLOOKUP(K45,Lookup_Performance!$C$2:$C$6,Lookup_Performance!$D$2:$D$6,"N/A",0) -> 0.05 | M45: =H45*L45 -> 4094.8 | N45: Resigned | O45: =TRIM(CLEAN(Table1[[#This Row],[Employment Status]])) -> Resigned
B46: EMP077 | C46: Amanda Lopez | D46: SAL05 | E46: =_xlfn.XLOOKUP(D46,Lookup_Departments!$A$2:$A$7,Lookup_Departments!$B$2:$B$7,"Invalid Dept_Code",0) -> Sales | F46: 07/14/2016 | G46: =TEXT(Table1[[#This Row],[Hire Date ]],"yyyy") -> 2016 | H46: 78402 | I46: 54 | J46: =DATEDIF(F46,TODAY(),"Y") -> 9 | K46: {=_xlfn.IFS(I46<=49,"Needs Improvement",I46<=69,"Developing",I46<=84,"Achieving",I46<=94,"Exceeding",I46<=100,"Outstanding")} -> Developing | L46: =_xlfn.XLOOKUP(K46,Lookup_Performance!$C$2:$C$6,Lookup_Performance!$D$2:$D$6,"N/A",0) -> 0.02 | M46: =H46*L46 -> 1568.04 | N46: Active | O46: =TRIM(CLEAN(Table1[[#This Row],[Employment Status]])) -> Active
B47: EMP023 | C47: Thomas Lopez | D47: OPS06 | E47: =_xlfn.XLOOKUP(D47,Lookup_Departments!$A$2:$A$7,Lookup_Departments!$B$2:$B$7,"Invalid Dept_Code",0) -> Operations | F47: 42647 | G47: =TEXT(Table1[[#This Row],[Hire Date ]],"yyyy") -> 2016 | H47: 105498 | I47: 76 | J47: =DATEDIF(F47,TODAY(),"Y") -> 9 | K47: {=_xlfn.IFS(I47<=49,"Needs Improvement",I47<=69,"Developing",I47<=84,"Achieving",I47<=94,"Exceeding",I47<=100,"Outstanding")} -> Achieving | L47: =_xlfn.XLOOKUP(K47,Lookup_Performance!$C$2:$C$6,Lookup_Performance!$D$2:$D$6,"N/A",0) -> 0.05 | M47: =H47*L47 -> 5274.9 | N47: Active | O47: =TRIM(CLEAN(Table1[[#This Row],[Employment Status]])) -> Active
B48: EMP133 | C48: Melissa Johnson | D48: MKT04 | E48: =_xlfn.XLOOKUP(D48,Lookup_Departments!$A$2:$A$7,Lookup_Departments!$B$2:$B$7,"Invalid Dept_Code",0) -> Marketing | F48: 43656 | G48: =TEXT(Table1[[#This Row],[Hire Date ]],"yyyy") -> 2019 | H48: 91749 | I48: 72 | J48: =DATEDIF(F48,TODAY(),"Y") -> 7 | K48: {=_xlfn.IFS(I48<=49,"Needs Improvement",I48<=69,"Developing",I48<=84,"Achieving",I48<=94,"Exceeding",I48<=100,"Outstanding")} -> Achieving | L48: =_xlfn.XLOOKUP(K48,Lookup_Performance!$C$2:$C$6,Lookup_Performance!$D$2:$D$6,"N/A",0) -> 0.05 | M48: =H48*L48 -> 4587.45 | N48: Left | O48: =TRIM(CLEAN(Table1[[#This Row],[Employment Status]])) -> Left
B49: EMP141 | C49: Amanda Johnson | D49: OPS06 | E49: =_xlfn.XLOOKUP(D49,Lookup_Departments!$A$2:$A$7,Lookup_Departments!$B$2:$B$7,"Invalid Dept_Code",0) -> Operations | F49: 44437 | G49: =TEXT(Table1[[#This Row],[Hire Date ]],"yyyy") -> 2021 | H49: 99935 | I49: 84 | J49: =DATEDIF(F49,TODAY(),"Y") -> 4 | K49: {=_xlfn.IFS(I49<=49,"Needs Improvement",I49<=69,"Developing",I49<=84,"Achieving",I49<=94,"Exceeding",I49<=100,"Outstanding")} -> Achieving | L49: =_xlfn.XLOOKUP(K49,Lookup_Performance!$C$2:$C$6,Lookup_Performance!$D$2:$D$6,"N/A",0) -> 0.05 | M49: =H49*L49 -> 4996.75 | N49: Resigned | O49: =TRIM(CLEAN(Table1[[#This Row],[Employment Status]])) -> Resigned
B50: EMP012 | C50: John Davis | D50: IT02 | E50: =_xlfn.XLOOKUP(D50,Lookup_Departments!$A$2:$A$7,Lookup_Departments!$B$2:$B$7,"Invalid Dept_Code",0) -> Information Technology | F50: 42761 | G50: =TEXT(Table1[[#This Row],[Hire Date ]],"yyyy") -> 2017 | H50: 83531 | I50: 30 | J50: =DATEDIF(F50,TODAY(),"Y") -> 9 | K50: {=_xlfn.IFS(I50<=49,"Needs Improvement",I50<=69,"Developing",I50<=84,"Achieving",I50<=94,"Exceeding",I50<=100,"Outstanding")} -> Needs Improvement | L50: =_xlfn.XLOOKUP(K50,Lookup_Performance!$C$2:$C$6,Lookup_Performance!$D$2:$D$6,"N/A",0) -> 0 | M50: =H50*L50 -> 0 | N50: Left | O50: =TRIM(CLEAN(Table1[[#This Row],[Employment Status]])) -> Left
B51: EMP080 | C51: James Johnson | D51: MKT04 | E51: =_xlfn.XLOOKUP(D51,Lookup_Departments!$A$2:$A$7,Lookup_Departments!$B$2:$B$7,"Invalid Dept_Code",0) -> Marketing | F51: 43981 | G51: =TEXT(Table1[[#This Row],[Hire Date ]],"yyyy") -> 2020 | H51: 75023 | I51: 68 | J51: =DATEDIF(F51,TODAY(),"Y") -> 6 | K51: {=_xlfn.IFS(I51<=49,"Needs Improvement",I51<=69,"Developing",I51<=84,"Achieving",I51<=94,"Exceeding",I51<=100,"Outstanding")} -> Developing | L51: =_xlfn.XLOOKUP(K51,Lookup_Performance!$C$2:$C$6,Lookup_Performance!$D$2:$D$6,"N/A",0) -> 0.02 | M51: =H51*L51 -> 1500.46 | N51: Active | O51: =TRIM(CLEAN(Table1[[#This Row],[Employment Status]])) -> Active
B52: EMP069 | C52: Jane Davis | D52: HR01 | E52: =_xlfn.XLOOKUP(D52,Lookup_Departments!$A$2:$A$7,Lookup_Departments!$B$2:$B$7,"Invalid Dept_Code",0) -> Human Resources | F52: 44612 | G52: =TEXT(Table1[[#This Row],[Hire Date ]],"yyyy") -> 2022 | H52: 93290 | I52: 53 | J52: =DATEDIF(F52,TODAY(),"Y") -> 4 | K52: {=_xlfn.IFS(I52<=49,"Needs Improvement",I52<=69,"Developing",I52<=84,"Achieving",I52<=94,"Exceeding",I52<=100,"Outstanding")} -> Developing | L52: =_xlfn.XLOOKUP(K52,Lookup_Performance!$C$2:$C$6,Lookup_Performance!$D$2:$D$6,"N/A",0) -> 0.02 | M52: =H52*L52 -> 1865.8 | N52: Active | O52: =TRIM(CLEAN(Table1[[#This Row],[Employment Status]])) -> Active
B53: EMP150 | C53: Richard Davis | D53: OPS06 | E53: =_xlfn.XLOOKUP(D53,Lookup_Departments!$A$2:$A$7,Lookup_Departments!$B$2:$B$7,"Invalid Dept_Code",0) -> Operations | F53: 42628 | G53: =TEXT(Table1[[#This Row],[Hire Date ]],"yyyy") -> 2016 | H53: 115527 | I53: 63 | J53: =DATEDIF(F53,TODAY(),"Y") -> 9 | K53: {=_xlfn.IFS(I53<=49,"Needs Improvement",I53<=69,"Developing",I53<=84,"Achieving",I53<=94,"Exceeding",I53<=100,"Outstanding")} -> Developing | L53: =_xlfn.XLOOKUP(K53,Lookup_Performance!$C$2:$C$6,Lookup_Performance!$D$2:$D$6,"N/A",0) -> 0.02 | M53: =H53*L53 -> 2310.54 | N53: Resigned | O53: =TRIM(CLEAN(Table1[[#This Row],[Employment Status]])) -> Resigned
B54: EMP028 | C54: Thomas Rodriguez | D54: FIN03 | E54: =_xlfn.XLOOKUP(D54,Lookup_Departments!$A$2:$A$7,Lookup_Departments!$B$2:$B$7,"Invalid Dept_Code",0) -> Finance | F54: 10/07/2019 | G54: =TEXT(Table1[[#This Row],[Hire Date ]],"yyyy") -> 2019 | H54: 55920 | I54: 84 | J54: =DATEDIF(F54,TODAY(),"Y") -> 6 | K54: {=_xlfn.IFS(I54<=49,"Needs Improvement",I54<=69,"Developing",I54<=84,"Achieving",I54<=94,"Exceeding",I54<=100,"Outstanding")} -> Achieving | L54: =_xlfn.XLOOKUP(K54,Lookup_Performance!$C$2:$C$6,Lookup_Performance!$D$2:$D$6,"N/A",0) -> 0.05 | M54: =H54*L54 -> 2796 | N54: Active | O54: =TRIM(CLEAN(Table1[[#This Row],[Employment Status]])) -> Active
B55: EMP087 | C55: Emily Johnson | D55: SAL05 | E55: =_xlfn.XLOOKUP(D55,Lookup_Departments!$A$2:$A$7,Lookup_Departments!$B$2:$B$7,"Invalid Dept_Code",0) -> Sales | F55: 43464 | G55: =TEXT(Table1[[#This Row],[Hire Date ]],"yyyy") -> 2018 | H55: 80189 | I55: 30 | J55: =DATEDIF(F55,TODAY(),"Y") -> 7 | K55: {=_xlfn.IFS(I55<=49,"Needs Improvement",I55<=69,"Developing",I55<=84,"Achieving",I55<=94,"Exceeding",I55<=100,"Outstanding")} -> Needs Improvement | L55: =_xlfn.XLOOKUP(K55,Lookup_Performance!$C$2:$C$6,Lookup_Performance!$D$2:$D$6,"N/A",0) -> 0 | M55: =H55*L55 -> 0 | N55: Active | O55: =TRIM(CLEAN(Table1[[#This Row],[Employment Status]])) -> Active
B56: EMP119 | C56: Emily Garcia | D56: HR01 | E56: =_xlfn.XLOOKUP(D56,Lookup_Departments!$A$2:$A$7,Lookup_Departments!$B$2:$B$7,"Invalid Dept_Code",0) -> Human Resources | F56: 44189 | G56: =TEXT(Table1[[#This Row],[Hire Date ]],"yyyy") -> 2020 | H56: 118947 | I56: 96 | J56: =DATEDIF(F56,TODAY(),"Y") -> 5 | K56: {=_xlfn.IFS(I56<=49,"Needs Improvement",I56<=69,"Developing",I56<=84,"Achieving",I56<=94,"Exceeding",I56<=100,"Outstanding")} -> Outstanding | L56: =_xlfn.XLOOKUP(K56,Lookup_Performance!$C$2:$C$6,Lookup_Performance!$D$2:$D$6,"N/A",0) -> 0.12 | M56: =H56*L56 -> 14273.64 | N56: Active | O56: =TRIM(CLEAN(Table1[[#This Row],[Employment Status]])) -> Active
B57: EMP042 | C57: Jane Anderson | D57: IT02 | E57: =_xlfn.XLOOKUP(D57,Lookup_Departments!$A$2:$A$7,Lookup_Departments!$B$2:$B$7,"Invalid Dept_Code",0) -> Information Technology | F57: 45112 | G57: =TEXT(Table1[[#This Row],[Hire Date ]],"yyyy") -> 2023 | H57: 74560 | I57: 54 | J57: =DATEDIF(F57,TODAY(),"Y") -> 3 | K57: {=_xlfn.IFS(I57<=49,"Needs Improvement",I57<=69,"Developing",I57<=84,"Achieving",I57<=94,"Exceeding",I57<=100,"Outstanding")} -> Developing | L57: =_xlfn.XLOOKUP(K57,Lookup_Performance!$C$2:$C$6,Lookup_Performance!$D$2:$D$6,"N/A",0) -> 0.02 | M57: =H57*L57 -> 1491.2 | N57: Active | O57: =TRIM(CLEAN(Table1[[#This Row],[Employment Status]])) -> Active
B58: EMP005 | C58: Thomas Garcia | D58: OPS06 | E58: =_xlfn.XLOOKUP(D58,Lookup_Departments!$A$2:$A$7,Lookup_Departments!$B$2:$B$7,"Invalid Dept_Code",0) -> Operations | F58: 44148 | G58: =TEXT(Table1[[#This Row],[Hire Date ]],"yyyy") -> 2020 | H58: 75808 | I58: 75 | J58: =DATEDIF(F58,TODAY(),"Y") -> 5 | K58: {=_xlfn.IFS(I58<=49,"Needs Improvement",I58<=69,"Developing",I58<=84,"Achieving",I58<=94,"Exceeding",I58<=100,"Outstanding")} -> Achieving | L58: =_xlfn.XLOOKUP(K58,Lookup_Performance!$C$2:$C$6,Lookup_Performance!$D$2:$D$6,"N/A",0) -> 0.05 | M58: =H58*L58 -> 3790.4 | N58: Active | O58: =TRIM(CLEAN(Table1[[#This Row],[Employment Status]])) -> Active
B59: EMP033 | C59: David Martinez | D59: HR01 | E59: =_xlfn.XLOOKUP(D59,Lookup_Departments!$A$2:$A$7,Lookup_Departments!$B$2:$B$7,"Invalid Dept_Code",0) -> Human Resources | F59: 02/07/2018 | G59: =TEXT(Table1[[#This Row],[Hire Date ]],"yyyy") -> 2018 | H59: 91655 | I59: 95 | J59: =DATEDIF(F59,TODAY(),"Y") -> 8 | K59: {=_xlfn.IFS(I59<=49,"Needs Improvement",I59<=69,"Developing",I59<=84,"Achieving",I59<=94,"Exceeding",I59<=100,"Outstanding")} -> Outstanding | L59: =_xlfn.XLOOKUP(K59,Lookup_Performance!$C$2:$C$6,Lookup_Performance!$D$2:$D$6,"N/A",0) -> 0.12 | M59: =H59*L59 -> 10998.6 | N59: Active | O59: =TRIM(CLEAN(Table1[[#This Row],[Employment Status]])) -> Active
B60: EMP061 | C60: Emily Brown | D60: IT02 | E60: =_xlfn.XLOOKUP(D60,Lookup_Departments!$A$2:$A$7,Lookup_Departments!$B$2:$B$7,"Invalid Dept_Code",0) -> Information Technology | F60: 45255 | G60: =TEXT(Table1[[#This Row],[Hire Date ]],"yyyy") -> 2023 | H60: 49435 | I60: 68 | J60: =DATEDIF(F60,TODAY(),"Y") -> 2 | K60: {=_xlfn.IFS(I60<=49,"Needs Improvement",I60<=69,"Developing",I60<=84,"Achieving",I60<=94,"Exceeding",I60<=100,"Outstanding")} -> Developing | L60: =_xlfn.XLOOKUP(K60,Lookup_Performance!$C$2:$C$6,Lookup_Performance!$D$2:$D$6,"N/A",0) -> 0.02 | M60: =H60*L60 -> 988.7 | N60: Left | O60: =TRIM(CLEAN(Table1[[#This Row],[Employment Status]])) -> Left
B61: EMP102 | C61: Emily Wilson | D61: SAL05 | E61: =_xlfn.XLOOKUP(D61,Lookup_Departments!$A$2:$A$7,Lookup_Departments!$B$2:$B$7,"Invalid Dept_Code",0) -> Sales | F61: 45217 | G61: =TEXT(Table1[[#This Row],[Hire Date ]],"yyyy") -> 2023 | H61: 110381 | I61: 93 | J61: =DATEDIF(F61,TODAY(),"Y") -> 2 | K61: {=_xlfn.IFS(I61<=49,"Needs Improvement",I61<=69,"Developing",I61<=84,"Achieving",I61<=94,"Exceeding",I61<=100,"Outstanding")} -> Exceeding | L61: =_xlfn.XLOOKUP(K61,Lookup_Performance!$C$2:$C$6,Lookup_Performance!$D$2:$D$6,"N/A",0) -> 0.08 | M61: =H61*L61 -> 8830.48 | N61: Active | O61: =TRIM(CLEAN(Table1[[#This Row],[Employment Status]])) -> Active
B62: EMP067 | C62: Michael Anderson | D62: HR01 | E62: =_xlfn.XLOOKUP(D62,Lookup_Departments!$A$2:$A$7,Lookup_Departments!$B$2:$B$7,"Invalid Dept_Code",0) -> Human Resources | F62: 44079 | G62: =TEXT(Table1[[#This Row],[Hire Date ]],"yyyy") -> 2020 | H62: 114748 | I62: 33 | J62: =DATEDIF(F62,TODAY(),"Y") -> 5 | K62: {=_xlfn.IFS(I62<=49,"Needs Improvement",I62<=69,"Developing",I62<=84,"Achieving",I62<=94,"Exceeding",I62<=100,"Outstanding")} -> Needs Improvement | L62: =_xlfn.XLOOKUP(K62,Lookup_Performance!$C$2:$C$6,Lookup_Performance!$D$2:$D$6,"N/A",0) -> 0 | M62: =H62*L62 -> 0 | N62: Active | O62: =TRIM(CLEAN(Table1[[#This Row],[Employment Status]])) -> Active
B63: EMP017 | C63: Robert Johnson | D63: OPS06 | E63: =_xlfn.XLOOKUP(D63,Lookup_Departments!$A$2:$A$7,Lookup_Departments!$B$2:$B$7,"Invalid Dept_Code",0) -> Operations | F63: 42800 | G63: =TEXT(Table1[[#This Row],[Hire Date ]],"yyyy") -> 2017 | H63: 63302 | I63: 91 | J63: =DATEDIF(F63,TODAY(),"Y") -> 9 | K63: {=_xlfn.IFS(I63<=49,"Needs Improvement",I63<=69,"Developing",I63<=84,"Achieving",I63<=94,"Exceeding",I63<=100,"Outstanding")} -> Exceeding | L63: =_xlfn.XLOOKUP(K63,Lookup_Performance!$C$2:$C$6,Lookup_Performance!$D$2:$D$6,"N/A",0) -> 0.08 | M63: =H63*L63 -> 5064.16 | N63: Active | O63: =TRIM(CLEAN(Table1[[#This Row],[Employment Status]])) -> Active
B64: EMP123 | C64: Robert Miller | D64: IT02 | E64: =_xlfn.XLOOKUP(D64,Lookup_Departments!$A$2:$A$7,Lookup_Departments!$B$2:$B$7,"Invalid Dept_Code",0) -> Information Technology | F64: 42122 | G64: =TEXT(Table1[[#This Row],[Hire Date ]],"yyyy") -> 2015 | H64: 75519 | I64: 64 | J64: =DATEDIF(F64,TODAY(),"Y") -> 11 | K64: {=_xlfn.IFS(I64<=49,"Needs Improvement",I64<=69,"Developing",I64<=84,"Achieving",I64<=94,"Exceeding",I64<=100,"Outstanding")} -> Developing | L64: =_xlfn.XLOOKUP(K64,Lookup_Performance!$C$2:$C$6,Lookup_Performance!$D$2:$D$6,"N/A",0) -> 0.02 | M64: =H64*L64 -> 1510.38 | N64: Active | O64: =TRIM(CLEAN(Table1[[#This Row],[Employment Status]])) -> Active
B65: EMP011 | C65: Jane Davis | D65: FIN03 | E65: =_xlfn.XLOOKUP(D65,Lookup_Departments!$A$2:$A$7,Lookup_Departments!$B$2:$B$7,"Invalid Dept_Code",0) -> Finance | F65: 42838 | G65: =TEXT(Table1[[#This Row],[Hire Date ]],"yyyy") -> 2017 | H65: 103891 | I65: 80 | J65: =DATEDIF(F65,TODAY(),"Y") -> 9 | K65: {=_xlfn.IFS(I65<=49,"Needs Improvement",I65<=69,"Developing",I65<=84,"Achieving",I65<=94,"Exceeding",I65<=100,"Outstanding")} -> Achieving | L65: =_xlfn.XLOOKUP(K65,Lookup_Performance!$C$2:$C$6,Lookup_Performance!$D$2:$D$6,"N/A",0) -> 0.05 | M65: =H65*L65 -> 5194.55 | N65: Active | O65: =TRIM(CLEAN(Table1[[#This Row],[Employment Status]])) -> Active
B66: EMP091 | C66: Thomas Davis | D66: OPS06 | E66: =_xlfn.XLOOKUP(D66,Lookup_Departments!$A$2:$A$7,Lookup_Departments!$B$2:$B$7,"Invalid Dept_Code",0) -> Operations | F66: 44827 | G66: =TEXT(Table1[[#This Row],[Hire Date ]],"yyyy") -> 2022 | H66: 75808 | I66: 46 | J66: =DATEDIF(F66,TODAY(),"Y") -> 3 | K66: {=_xlfn.IFS(I66<=49,"Needs Improvement",I66<=69,"Developing",I66<=84,"Achieving",I66<=94,"Exceeding",I66<=100,"Outstanding")} -> Needs Improvement | L66: =_xlfn.XLOOKUP(K66,Lookup_Performance!$C$2:$C$6,Lookup_Performance!$D$2:$D$6,"N/A",0) -> 0 | M66: =H66*L66 -> 0 | N66: Left | O66: =TRIM(CLEAN(Table1[[#This Row],[Employment Status]])) -> Left
B67: EMP145 | C67: Thomas Jones | D67: MKT04 | E67: =_xlfn.XLOOKUP(D67,Lookup_Departments!$A$2:$A$7,Lookup_Departments!$B$2:$B$7,"Invalid Dept_Code",0) -> Marketing | F67: 11/11/2016 | G67: =TEXT(Table1[[#This Row],[Hire Date ]],"yyyy") -> 2016 | H67: 50936 | I67: 99 | J67: =DATEDIF(F67,TODAY(),"Y") -> 9 | K67: {=_xlfn.IFS(I67<=49,"Needs Improvement",I67<=69,"Developing",I67<=84,"Achieving",I67<=94,"Exceeding",I67<=100,"Outstanding")} -> Outstanding | L67: =_xlfn.XLOOKUP(K67,Lookup_Performance!$C$2:$C$6,Lookup_Performance!$D$2:$D$6,"N/A",0) -> 0.12 | M67: =H67*L67 -> 6112.32 | N67: Active | O67: =TRIM(CLEAN(Table1[[#This Row],[Employment Status]])) -> Active
B68: EMP001 | C68: Michael Miller | D68: SAL05 | E68: =_xlfn.XLOOKUP(D68,Lookup_Departments!$A$2:$A$7,Lookup_Departments!$B$2:$B$7,"Invalid Dept_Code",0) -> Sales | F68: 42818 | G68: =TEXT(Table1[[#This Row],[Hire Date ]],"yyyy") -> 2017 | H68: 111240 | I68: 68 | J68: =DATEDIF(F68,TODAY(),"Y") -> 9 | K68: {=_xlfn.IFS(I68<=49,"Needs Improvement",I68<=69,"Developing",I68<=84,"Achieving",I68<=94,"Exceeding",I68<=100,"Outstanding")} -> Developing | L68: =_xlfn.XLOOKUP(K68,Lookup_Performance!$C$2:$C$6,Lookup_Performance!$D$2:$D$6,"N/A",0) -> 0.02 | M68: =H68*L68 -> 2224.8 | N68: Active | O68: =TRIM(CLEAN(Table1[[#This Row],[Employment Status]])) -> Active
B69: EMP113 | C69: Richard Gonzalez | D69: HR01 | E69: =_xlfn.XLOOKUP(D69,Lookup_Departments!$A$2:$A$7,Lookup_Departments!$B$2:$B$7,"Invalid Dept_Code",0) -> Human Resources | F69: 43590 | G69: =TEXT(Table1[[#This Row],[Hire Date ]],"yyyy") -> 2019 | H69: 51567 | I69: 87 | J69: =DATEDIF(F69,TODAY(),"Y") -> 7 | K69: {=_xlfn.IFS(I69<=49,"Needs Improvement",I69<=69,"Developing",I69<=84,"Achieving",I69<=94,"Exceeding",I69<=100,"Outstanding")} -> Exceeding | L69: =_xlfn.XLOOKUP(K69,Lookup_Performance!$C$2:$C$6,Lookup_Performance!$D$2:$D$6,"N/A",0) -> 0.08 | M69: =H69*L69 -> 4125.36 | N69: Resigned | O69: =TRIM(CLEAN(Table1[[#This Row],[Employment Status]])) -> Resigned
B70: EMP065 | C70: Melissa Williams | D70: HR01 | E70: =_xlfn.XLOOKUP(D70,Lookup_Departments!$A$2:$A$7,Lookup_Departments!$B$2:$B$7,"Invalid Dept_Code",0) -> Human Resources | F70: 44402 | G70: =TEXT(Table1[[#This Row],[Hire Date ]],"yyyy") -> 2021 | H70: 86349 | I70: 36 | J70: =DATEDIF(F70,TODAY(),"Y") -> 4 | K70: {=_xlfn.IFS(I70<=49,"Needs Improvement",I70<=69,"Developing",I70<=84,"Achieving",I70<=94,"Exceeding",I70<=100,"Outstanding")} -> Needs Improvement | L70: =_xlfn.XLOOKUP(K70,Lookup_Performance!$C$2:$C$6,Lookup_Performance!$D$2:$D$6,"N/A",0) -> 0 | M70: =H70*L70 -> 0 | N70: Active | O70: =TRIM(CLEAN(Table1[[#This Row],[Employment Status]])) -> Active
B71: EMP045 | C71: Robert Miller | D71: HR01 | E71: =_xlfn.XLOOKUP(D71,Lookup_Departments!$A$2:$A$7,Lookup_Departments!$B$2:$B$7,"Invalid Dept_Code",0) -> Human Resources | F71: 43008 | G71: =TEXT(Table1[[#This Row],[Hire Date ]],"yyyy") -> 2017 | H71: 55270 | I71: 87 | J71: =DATEDIF(F71,TODAY(),"Y") -> 8 | K71: {=_xlfn.IFS(I71<=49,"Needs Improvement",I71<=69,"Developing",I71<=84,"Achieving",I71<=94,"Exceeding",I71<=100,"Outstanding")} -> Exceeding | L71: =_xlfn.XLOOKUP(K71,Lookup_Performance!$C$2:$C$6,Lookup_Performance!$D$2:$D$6,"N/A",0) -> 0.08 | M71: =H71*L71 -> 4421.6 | N71: Active | O71: =TRIM(CLEAN(Table1[[#This Row],[Employment Status]])) -> Active
B72: EMP083 | C72: William Garcia | D72: SAL05 | E72: =_xlfn.XLOOKUP(D72,Lookup_Departments!$A$2:$A$7,Lookup_Departments!$B$2:$B$7,"Invalid Dept_Code",0) -> Sales | F72: 42192 | G72: =TEXT(Table1[[#This Row],[Hire Date ]],"yyyy") -> 2015 | H72: 65235 | I72: 97 | J72: =DATEDIF(F72,TODAY(),"Y") -> 11 | K72: {=_xlfn.IFS(I72<=49,"Needs Improvement",I72<=69,"Developing",I72<=84,"Achieving",I72<=94,"Exceeding",I72<=100,"Outstanding")} -> Outstanding | L72: =_xlfn.XLOOKUP(K72,Lookup_Performance!$C$2:$C$6,Lookup_Performance!$D$2:$D$6,"N/A",0) -> 0.12 | M72: =H72*L72 -> 7828.2 | N72: Active | O72: =TRIM(CLEAN(Table1[[#This Row],[Employment Status]])) -> Active
B73: EMP029 | C73: John Gonzalez | D73: SAL05 | E73: =_xlfn.XLOOKUP(D73,Lookup_Departments!$A$2:$A$7,Lookup_Departments!$B$2:$B$7,"Invalid Dept_Code",0) -> Sales | F73: 43283 | G73: =TEXT(Table1[[#This Row],[Hire Date ]],"yyyy") -> 2018 | H73: 80907 | I73: 72 | J73: =DATEDIF(F73,TODAY(),"Y") -> 8 | K73: {=_xlfn.IFS(I73<=49,"Needs Improvement",I73<=69,"Developing",I73<=84,"Achieving",I73<=94,"Exceeding",I73<=100,"Outstanding")} -> Achieving | L73: =_xlfn.XLOOKUP(K73,Lookup_Performance!$C$2:$C$6,Lookup_Performance!$D$2:$D$6,"N/A",0) -> 0.05 | M73: =H73*L73 -> 4045.35 | N73: Left | O73: =TRIM(CLEAN(Table1[[#This Row],[Employment Status]])) -> Left
B74: EMP041 | C74: James Gonzalez | D74: SAL05 | E74: =_xlfn.XLOOKUP(D74,Lookup_Departments!$A$2:$A$7,Lookup_Departments!$B$2:$B$7,"Invalid Dept_Code",0) -> Sales | F74: 44819 | G74: =TEXT(Table1[[#This Row],[Hire Date ]],"yyyy") -> 2022 | H74: 80907 | I74: 65 | J74: =DATEDIF(F74,TODAY(),"Y") -> 3 | K74: {=_xlfn.IFS(I74<=49,"Needs Improvement",I74<=69,"Developing",I74<=84,"Achieving",I74<=94,"Exceeding",I74<=100,"Outstanding")} -> Developing | L74: =_xlfn.XLOOKUP(K74,Lookup_Performance!$C$2:$C$6,Lookup_Performance!$D$2:$D$6,"N/A",0) -> 0.02 | M74: =H74*L74 -> 1618.14 | N74: Left | O74: =TRIM(CLEAN(Table1[[#This Row],[Employment Status]])) -> Left
B75: EMP026 | C75: Jane Gonzalez | D75: SAL05 | E75: =_xlfn.XLOOKUP(D75,Lookup_Departments!$A$2:$A$7,Lookup_Departments!$B$2:$B$7,"Invalid Dept_Code",0) -> Sales | F75: 42249 | G75: =TEXT(Table1[[#This Row],[Hire Date ]],"yyyy") -> 2015 | H75: 80907 | I75: 67 | J75: =DATEDIF(F75,TODAY(),"Y") -> 10 | K75: {=_xlfn.IFS(I75<=49,"Needs Improvement",I75<=69,"Developing",I75<=84,"Achieving",I75<=94,"Exceeding",I75<=100,"Outstanding")} -> Developing | L75: =_xlfn.XLOOKUP(K75,Lookup_Performance!$C$2:$C$6,Lookup_Performance!$D$2:$D$6,"N/A",0) -> 0.02 | M75: =H75*L75 -> 1618.14 | N75: Active | O75: =TRIM(CLEAN(Table1[[#This Row],[Employment Status]])) -> Active
B76: EMP024 | C76: David Wilson | D76: OPS06 | E76: =_xlfn.XLOOKUP(D76,Lookup_Departments!$A$2:$A$7,Lookup_Departments!$B$2:$B$7,"Invalid Dept_Code",0) -> Operations | F76: 42654 | G76: =TEXT(Table1[[#This Row],[Hire Date ]],"yyyy") -> 2016 | H76: 48823 | I76: 34 | J76: =DATEDIF(F76,TODAY(),"Y") -> 9 | K76: {=_xlfn.IFS(I76<=49,"Needs Improvement",I76<=69,"Developing",I76<=84,"Achieving",I76<=94,"Exceeding",I76<=100,"Outstanding")} -> Needs Improvement | L76: =_xlfn.XLOOKUP(K76,Lookup_Performance!$C$2:$C$6,Lookup_Performance!$D$2:$D$6,"N/A",0) -> 0 | M76: =H76*L76 -> 0 | N76: Active | O76: =TRIM(CLEAN(Table1[[#This Row],[Employment Status]])) -> Active
B77: EMP111 | C77: Jane Gonzalez | D77: FIN03 | E77: =_xlfn.XLOOKUP(D77,Lookup_Departments!$A$2:$A$7,Lookup_Departments!$B$2:$B$7,"Invalid Dept_Code",0) -> Finance | F77: 43575 | G77: =TEXT(Table1[[#This Row],[Hire Date ]],"yyyy") -> 2019 | H77: 45196 | I77: 78 | J77: =DATEDIF(F77,TODAY(),"Y") -> 7 | K77: {=_xlfn.IFS(I77<=49,"Needs Improvement",I77<=69,"Developing",I77<=84,"Achieving",I77<=94,"Exceeding",I77<=100,"Outstanding")} -> Achieving | L77: =_xlfn.XLOOKUP(K77,Lookup_Performance!$C$2:$C$6,Lookup_Performance!$D$2:$D$6,"N/A",0) -> 0.05 | M77: =H77*L77 -> 2259.8 | N77: Left | O77: =TRIM(CLEAN(Table1[[#This Row],[Employment Status]])) -> Left
B78: EMP040 | C78: Jane Rodriguez | D78: IT02 | E78: =_xlfn.XLOOKUP(D78,Lookup_Departments!$A$2:$A$7,Lookup_Departments!$B$2:$B$7,"Invalid Dept_Code",0) -> Information Technology | F78: 02/19/2017 | G78: =TEXT(Table1[[#This Row],[Hire Date ]],"yyyy") -> 2017 | H78: 86246 | I78: 61 | J78: =DATEDIF(F78,TODAY(),"Y") -> 9 | K78: {=_xlfn.IFS(I78<=49,"Needs Improvement",I78<=69,"Developing",I78<=84,"Achieving",I78<=94,"Exceeding",I78<=100,"Outstanding")} -> Developing | L78: =_xlfn.XLOOKUP(K78,Lookup_Performance!$C$2:$C$6,Lookup_Performance!$D$2:$D$6,"N/A",0) -> 0.02 | M78: =H78*L78 -> 1724.92 | N78: Active | O78: =TRIM(CLEAN(Table1[[#This Row],[Employment Status]])) -> Active
B79: EMP086 | C79: Emily Miller | D79: SAL05 | E79: =_xlfn.XLOOKUP(D79,Lookup_Departments!$A$2:$A$7,Lookup_Departments!$B$2:$B$7,"Invalid Dept_Code",0) -> Sales | F79: 09/07/2021 | G79: =TEXT(Table1[[#This Row],[Hire Date ]],"yyyy") -> 2021 | H79: 70359 | I79: 74 | J79: =DATEDIF(F79,TODAY(),"Y") -> 4 | K79: {=_xlfn.IFS(I79<=49,"Needs Improvement",I79<=69,"Developing",I79<=84,"Achieving",I79<=94,"Exceeding",I79<=100,"Outstanding")} -> Achieving | L79: =_xlfn.XLOOKUP(K79,Lookup_Performance!$C$2:$C$6,Lookup_Performance!$D$2:$D$6,"N/A",0) -> 0.05 | M79: =H79*L79 -> 3517.95 | N79: Left | O79: =TRIM(CLEAN(Table1[[#This Row],[Employment Status]])) -> Left
B80: EMP124 | C80: Sarah Miller | D80: MKT04 | E80: =_xlfn.XLOOKUP(D80,Lookup_Departments!$A$2:$A$7,Lookup_Departments!$B$2:$B$7,"Invalid Dept_Code",0) -> Marketing | F80: 43599 | G80: =TEXT(Table1[[#This Row],[Hire Date ]],"yyyy") -> 2019 | H80: 88689 | I80: 94 | J80: =DATEDIF(F80,TODAY(),"Y") -> 7 | K80: {=_xlfn.IFS(I80<=49,"Needs Improvement",I80<=69,"Developing",I80<=84,"Achieving",I80<=94,"Exceeding",I80<=100,"Outstanding")} -> Exceeding | L80: =_xlfn.XLOOKUP(K80,Lookup_Performance!$C$2:$C$6,Lookup_Performance!$D$2:$D$6,"N/A",0) -> 0.08 | M80: =H80*L80 -> 7095.12 | N80: Active | O80: =TRIM(CLEAN(Table1[[#This Row],[Employment Status]])) -> Active
B81: EMP132 | C81: Jessica Garcia | D81: OPS06 | E81: =_xlfn.XLOOKUP(D81,Lookup_Departments!$A$2:$A$7,Lookup_Departments!$B$2:$B$7,"Invalid Dept_Code",0) -> Operations | F81: 42330 | G81: =TEXT(Table1[[#This Row],[Hire Date ]],"yyyy") -> 2015 | H81: 86480 | I81: 68 | J81: =DATEDIF(F81,TODAY(),"Y") -> 10 | K81: {=_xlfn.IFS(I81<=49,"Needs Improvement",I81<=69,"Developing",I81<=84,"Achieving",I81<=94,"Exceeding",I81<=100,"Outstanding")} -> Developing | L81: =_xlfn.XLOOKUP(K81,Lookup_Performance!$C$2:$C$6,Lookup_Performance!$D$2:$D$6,"N/A",0) -> 0.02 | M81: =H81*L81 -> 1729.6 | N81: Active | O81: =TRIM(CLEAN(Table1[[#This Row],[Employment Status]])) -> Active
B82: EMP048 | C82: Richard Smith | D82: HR01 | E82: =_xlfn.XLOOKUP(D82,Lookup_Departments!$A$2:$A$7,Lookup_Departments!$B$2:$B$7,"Invalid Dept_Code",0) -> Human Resources | F82: 09/29/2018 | G82: =TEXT(Table1[[#This Row],[Hire Date ]],"yyyy") -> 2018 | H82: 47694 | I82: 75 | J82: =DATEDIF(F82,TODAY(),"Y") -> 7 | K82: {=_xlfn.IFS(I82<=49,"Needs Improvement",I82<=69,"Developing",I82<=84,"Achieving",I82<=94,"Exceeding",I82<=100,"Outstanding")} -> Achieving | L82: =_xlfn.XLOOKUP(K82,Lookup_Performance!$C$2:$C$6,Lookup_Performance!$D$2:$D$6,"N/A",0) -> 0.05 | M82: =H82*L82 -> 2384.7 | N82: Active | O82: =TRIM(CLEAN(Table1[[#This Row],[Employment Status]])) -> Active
B83: EMP114 | C83: Melissa Wilson | D83: IT02 | E83: =_xlfn.XLOOKUP(D83,Lookup_Departments!$A$2:$A$7,Lookup_Departments!$B$2:$B$7,"Invalid Dept_Code",0) -> Information Technology | F83: 45171 | G83: =TEXT(Table1[[#This Row],[Hire Date ]],"yyyy") -> 2023 | H83: 83724 | I83: 81 | J83: =DATEDIF(F83,TODAY(),"Y") -> 2 | K83: {=_xlfn.IFS(I83<=49,"Needs Improvement",I83<=69,"Developing",I83<=84,"Achieving",I83<=94,"Exceeding",I83<=100,"Outstanding")} -> Achieving | L83: =_xlfn.XLOOKUP(K83,Lookup_Performance!$C$2:$C$6,Lookup_Performance!$D$2:$D$6,"N/A",0) -> 0.05 | M83: =H83*L83 -> 4186.2 | N83: Resigned | O83: =TRIM(CLEAN(Table1[[#This Row],[Employment Status]])) -> Resigned
B84: EMP062 | C84: Thomas Williams | D84: FIN03 | E84: =_xlfn.XLOOKUP(D84,Lookup_Departments!$A$2:$A$7,Lookup_Departments!$B$2:$B$7,"Invalid Dept_Code",0) -> Finance | F84: 44759 | G84: =TEXT(Table1[[#This Row],[Hire Date ]],"yyyy") -> 2022 | H84: 98299 | I84: 61 | J84: =DATEDIF(F84,TODAY(),"Y") -> 3 | K84: {=_xlfn.IFS(I84<=49,"Needs Improvement",I84<=69,"Developing",I84<=84,"Achieving",I84<=94,"Exceeding",I84<=100,"Outstanding")} -> Developing | L84: =_xlfn.XLOOKUP(K84,Lookup_Performance!$C$2:$C$6,Lookup_Performance!$D$2:$D$6,"N/A",0) -> 0.02 | M84: =H84*L84 -> 1965.98 | N84: Active | O84: =TRIM(CLEAN(Table1[[#This Row],[Employment Status]])) -> Active
B85: EMP074 | C85: David Williams | D85: FIN03 | E85: =_xlfn.XLOOKUP(D85,Lookup_Departments!$A$2:$A$7,Lookup_Departments!$B$2:$B$7,"Invalid Dept_Code",0) -> Finance | F85: 44234 | G85: =TEXT(Table1[[#This Row],[Hire Date ]],"yyyy") -> 2021 | H85: 95315 | I85: 68 | J85: =DATEDIF(F85,TODAY(),"Y") -> 5 | K85: {=_xlfn.IFS(I85<=49,"Needs Improvement",I85<=69,"Developing",I85<=84,"Achieving",I85<=94,"Exceeding",I85<=100,"Outstanding")} -> Developing | L85: =_xlfn.XLOOKUP(K85,Lookup_Performance!$C$2:$C$6,Lookup_Performance!$D$2:$D$6,"N/A",0) -> 0.02 | M85: =H85*L85 -> 1906.3 | N85: Active | O85: =TRIM(CLEAN(Table1[[#This Row],[Employment Status]])) -> Active
B86: EMP034 | C86: John Johnson | D86: IT02 | E86: =_xlfn.XLOOKUP(D86,Lookup_Departments!$A$2:$A$7,Lookup_Departments!$B$2:$B$7,"Invalid Dept_Code",0) -> Information Technology | F86: 45203 | G86: =TEXT(Table1[[#This Row],[Hire Date ]],"yyyy") -> 2023 | H86: 52287 | I86: 70 | J86: =DATEDIF(F86,TODAY(),"Y") -> 2 | K86: {=_xlfn.IFS(I86<=49,"Needs Improvement",I86<=69,"Developing",I86<=84,"Achieving",I86<=94,"Exceeding",I86<=100,"Outstanding")} -> Achieving | L86: =_xlfn.XLOOKUP(K86,Lookup_Performance!$C$2:$C$6,Lookup_Performance!$D$2:$D$6,"N/A",0) -> 0.05 | M86: =H86*L86 -> 2614.35 | N86: Active | O86: =TRIM(CLEAN(Table1[[#This Row],[Employment Status]])) -> Active
B87: EMP105 | C87: Richard Gonzalez | D87: IT02 | E87: =_xlfn.XLOOKUP(D87,Lookup_Departments!$A$2:$A$7,Lookup_Departments!$B$2:$B$7,"Invalid Dept_Code",0) -> Information Technology | F87: 44073 | G87: =TEXT(Table1[[#This Row],[Hire Date ]],"yyyy") -> 2020 | H87: 82633 | I87: 98 | J87: =DATEDIF(F87,TODAY(),"Y") -> 5 | K87: {=_xlfn.IFS(I87<=49,"Needs Improvement",I87<=69,"Developing",I87<=84,"Achieving",I87<=94,"Exceeding",I87<=100,"Outstanding")} -> Outstanding | L87: =_xlfn.XLOOKUP(K87,Lookup_Performance!$C$2:$C$6,Lookup_Performance!$D$2:$D$6,"N/A",0) -> 0.12 | M87: =H87*L87 -> 9915.96 | N87: Active | O87: =TRIM(CLEAN(Table1[[#This Row],[Employment Status]])) -> Active
B88: EMP118 | C88: Melissa Anderson | D88: OPS06 | E88: =_xlfn.XLOOKUP(D88,Lookup_Departments!$A$2:$A$7,Lookup_Departments!$B$2:$B$7,"Invalid Dept_Code",0) -> Operations | F88: 44422 | G88: =TEXT(Table1[[#This Row],[Hire Date ]],"yyyy") -> 2021 | H88: 46508 | I88: 34 | J88: =DATEDIF(F88,TODAY(),"Y") -> 4 | K88: {=_xlfn.IFS(I88<=49,"Needs Improvement",I88<=69,"Developing",I88<=84,"Achieving",I88<=94,"Exceeding",I88<=100,"Outstanding")} -> Needs Improvement | L88: =_xlfn.XLOOKUP(K88,Lookup_Performance!$C$2:$C$6,Lookup_Performance!$D$2:$D$6,"N/A",0) -> 0 | M88: =H88*L88 -> 0 | N88: Active | O88: =TRIM(CLEAN(Table1[[#This Row],[Employment Status]])) -> Active
B89: EMP063 | C89: Emily Gonzalez | D89: HR01 | E89: =_xlfn.XLOOKUP(D89,Lookup_Departments!$A$2:$A$7,Lookup_Departments!$B$2:$B$7,"Invalid Dept_Code",0) -> Human Resources | F89: 43796 | G89: =TEXT(Table1[[#This Row],[Hire Date ]],"yyyy") -> 2019 | H89: 86232 | I89: 93 | J89: =DATEDIF(F89,TODAY(),"Y") -> 6 | K89: {=_xlfn.IFS(I89<=49,"Needs Improvement",I89<=69,"Developing",I89<=84,"Achieving",I89<=94,"Exceeding",I89<=100,"Outstanding")} -> Exceeding | L89: =_xlfn.XLOOKUP(K89,Lookup_Performance!$C$2:$C$6,Lookup_Performance!$D$2:$D$6,"N/A",0) -> 0.08 | M89: =H89*L89 -> 6898.56 | N89: Active | O89: =TRIM(CLEAN(Table1[[#This Row],[Employment Status]])) -> Active
B90: EMP094 | C90: Jane Davis | D90: IT02 | E90: =_xlfn.XLOOKUP(D90,Lookup_Departments!$A$2:$A$7,Lookup_Departments!$B$2:$B$7,"Invalid Dept_Code",0) -> Information Technology | F90: 42880 | G90: =TEXT(Table1[[#This Row],[Hire Date ]],"yyyy") -> 2017 | H90: 77545 | I90: 48 | J90: =DATEDIF(F90,TODAY(),"Y") -> 9 | K90: {=_xlfn.IFS(I90<=49,"Needs Improvement",I90<=69,"Developing",I90<=84,"Achieving",I90<=94,"Exceeding",I90<=100,"Outstanding")} -> Needs Improvement | L90: =_xlfn.XLOOKUP(K90,Lookup_Performance!$C$2:$C$6,Lookup_Performance!$D$2:$D$6,"N/A",0) -> 0 | M90: =H90*L90 -> 0 | N90: Active | O90: =TRIM(CLEAN(Table1[[#This Row],[Employment Status]])) -> Active
B91: EMP097 | C91: William Gonzalez | D91: OPS06 | E91: =_xlfn.XLOOKUP(D91,Lookup_Departments!$A$2:$A$7,Lookup_Departments!$B$2:$B$7,"Invalid Dept_Code",0) -> Operations | F91: 43436 | G91: =TEXT(Table1[[#This Row],[Hire Date ]],"yyyy") -> 2018 | H91: 68683 | I91: 90 | J91: =DATEDIF(F91,TODAY(),"Y") -> 7 | K91: {=_xlfn.IFS(I91<=49,"Needs Improvement",I91<=69,"Developing",I91<=84,"Achieving",I91<=94,"Exceeding",I91<=100,"Outstanding")} -> Exceeding | L91: =_xlfn.XLOOKUP(K91,Lookup_Performance!$C$2:$C$6,Lookup_Performance!$D$2:$D$6,"N/A",0) -> 0.08 | M91: =H91*L91 -> 5494.64 | N91: Active | O91: =TRIM(CLEAN(Table1[[#This Row],[Employment Status]])) -> Active
B92: EMP054 | C92: Thomas Jones | D92: FIN03 | E92: =_xlfn.XLOOKUP(D92,Lookup_Departments!$A$2:$A$7,Lookup_Departments!$B$2:$B$7,"Invalid Dept_Code",0) -> Finance | F92: 43639 | G92: =TEXT(Table1[[#This Row],[Hire Date ]],"yyyy") -> 2019 | H92: 83932 | I92: 57 | J92: =DATEDIF(F92,TODAY(),"Y") -> 7 | K92: {=_xlfn.IFS(I92<=49,"Needs Improvement",I92<=69,"Developing",I92<=84,"Achieving",I92<=94,"Exceeding",I92<=100,"Outstanding")} -> Developing | L92: =_xlfn.XLOOKUP(K92,Lookup_Performance!$C$2:$C$6,Lookup_Performance!$D$2:$D$6,"N/A",0) -> 0.02 | M92: =H92*L92 -> 1678.64 | N92: Left | O92: =TRIM(CLEAN(Table1[[#This Row],[Employment Status]])) -> Left
B93: EMP006 | C93: Jessica Anderson | D93: HR01 | E93: =_xlfn.XLOOKUP(D93,Lookup_Departments!$A$2:$A$7,Lookup_Departments!$B$2:$B$7,"Invalid Dept_Code",0) -> Human Resources | F93: 42304 | G93: =TEXT(Table1[[#This Row],[Hire Date ]],"yyyy") -> 2015 | H93: 56073 | I93: 79 | J93: =DATEDIF(F93,TODAY(),"Y") -> 10 | K93: {=_xlfn.IFS(I93<=49,"Needs Improvement",I93<=69,"Developing",I93<=84,"Achieving",I93<=94,"Exceeding",I93<=100,"Outstanding")} -> Achieving | L93: =_xlfn.XLOOKUP(K93,Lookup_Performance!$C$2:$C$6,Lookup_Performance!$D$2:$D$6,"N/A",0) -> 0.05 | M93: =H93*L93 -> 2803.65 | N93: Active | O93: =TRIM(CLEAN(Table1[[#This Row],[Employment Status]])) -> Active
B94: EMP110 | C94: Melissa Johnson | D94: IT02 | E94: =_xlfn.XLOOKUP(D94,Lookup_Departments!$A$2:$A$7,Lookup_Departments!$B$2:$B$7,"Invalid Dept_Code",0) -> Information Technology | F94: 43270 | G94: =TEXT(Table1[[#This Row],[Hire Date ]],"yyyy") -> 2018 | H94: 88056 | I94: 66 | J94: =DATEDIF(F94,TODAY(),"Y") -> 8 | K94: {=_xlfn.IFS(I94<=49,"Needs Improvement",I94<=69,"Developing",I94<=84,"Achieving",I94<=94,"Exceeding",I94<=100,"Outstanding")} -> Developing | L94: =_xlfn.XLOOKUP(K94,Lookup_Performance!$C$2:$C$6,Lookup_Performance!$D$2:$D$6,"N/A",0) -> 0.02 | M94: =H94*L94 -> 1761.12 | N94: Active | O94: =TRIM(CLEAN(Table1[[#This Row],[Employment Status]])) -> Active
... B99: EMP078 | C99: Jane Johnson | D99: SAL05 | E99: =_xlfn.XLOOKUP(D99,Lookup_Departments!$A$2:$A$7,Lookup_Departments!$B$2:$B$7,"Invalid Dept_Code",0) -> Sales | F99: 44081 | G99: =TEXT(Table1[[#This Row],[Hire Date ]],"yyyy") -> 2020 | H99: 95292 | I99: 34 | J99: =DATEDIF(F99,TODAY(),"Y") -> 5 | K99: {=_xlfn.IFS(I99<=49,"Needs Improvement",I99<=69,"Developing",I99<=84,"Achieving",I99<=94,"Exceeding",I99<=100,"Outstanding")} -> Needs Improvement | L99: =_xlfn.XLOOKUP(K99,Lookup_Performance!$C$2:$C$6,Lookup_Performance!$D$2:$D$6,"N/A",0) -> 0 | M99: =H99*L99 -> 0 | N99: Active | O99: =TRIM(CLEAN(Table1[[#This Row],[Employment Status]])) -> Active
B100: EMP035 | C100: John Jones | D100: IT02 | E100: =_xlfn.XLOOKUP(D100,Lookup_Departments!$A$2:$A$7,Lookup_Departments!$B$2:$B$7,"Invalid Dept_Code",0) -> Information Technology | F100: 03/08/2019 | G100: =TEXT(Table1[[#This Row],[Hire Date ]],"yyyy") -> 2019 | H100: 74560 | I100: 33 | J100: =DATEDIF(F100,TODAY(),"Y") -> 7 | K100: {=_xlfn.IFS(I100<=49,"Needs Improvement",I100<=69,"Developing",I100<=84,"Achieving",I100<=94,"Exceeding",I100<=100,"Outstanding")} -> Needs Improvement | L100: =_xlfn.XLOOKUP(K100,Lookup_Performance!$C$2:$C$6,Lookup_Performance!$D$2:$D$6,"N/A",0) -> 0 | M100: =H100*L100 -> 0 | N100: Active | O100: =TRIM(CLEAN(Table1[[#This Row],[Employment Status]])) -> Active
B101: EMP047 | C101: Jane Lopez | D101: MKT04 | E101: =_xlfn.XLOOKUP(D101,Lookup_Departments!$A$2:$A$7,Lookup_Departments!$B$2:$B$7,"Invalid Dept_Code",0) -> Marketing | F101: 42074 | G101: =TEXT(Table1[[#This Row],[Hire Date ]],"yyyy") -> 2015 | H101: 101750 | I101: 84 | J101: =DATEDIF(F101,TODAY(),"Y") -> 11 | K101: {=_xlfn.IFS(I101<=49,"Needs Improvement",I101<=69,"Developing",I101<=84,"Achieving",I101<=94,"Exceeding",I101<=100,"Outstanding")} -> Achieving | L101: =_xlfn.XLOOKUP(K101,Lookup_Performance!$C$2:$C$6,Lookup_Performance!$D$2:$D$6,"N/A",0) -> 0.05 | M101: =H101*L101 -> 5087.5 | N101: Left | O101: =TRIM(CLEAN(Table1[[#This Row],[Employment Status]])) -> Left
B102: EMP008 | C102: Melissa Gonzalez | D102: MKT04 | E102: =_xlfn.XLOOKUP(D102,Lookup_Departments!$A$2:$A$7,Lookup_Departments!$B$2:$B$7,"Invalid Dept_Code",0) -> Marketing | F102: 42785 | G102: =TEXT(Table1[[#This Row],[Hire Date ]],"yyyy") -> 2017 | H102: 82992 | I102: 79 | J102: =DATEDIF(F102,TODAY(),"Y") -> 9 | K102: {=_xlfn.IFS(I102<=49,"Needs Improvement",I102<=69,"Developing",I102<=84,"Achieving",I102<=94,"Exceeding",I102<=100,"Outstanding")} -> Achieving | L102: =_xlfn.XLOOKUP(K102,Lookup_Performance!$C$2:$C$6,Lookup_Performance!$D$2:$D$6,"N/A",0) -> 0.05 | M102: =H102*L102 -> 4149.6 | N102: Active | O102: =TRIM(CLEAN(Table1[[#This Row],[Employment Status]])) -> Active
B103: EMP044 | C103: William Davis | D103: IT02 | E103: =_xlfn.XLOOKUP(D103,Lookup_Departments!$A$2:$A$7,Lookup_Departments!$B$2:$B$7,"Invalid Dept_Code",0) -> Information Technology | F103: 45055 | G103: =TEXT(Table1[[#This Row],[Hire Date ]],"yyyy") -> 2023 | H103: 49942 | I103: 51 | J103: =DATEDIF(F103,TODAY(),"Y") -> 3 | K103: {=_xlfn.IFS(I103<=49,"Needs Improvement",I103<=69,"Developing",I103<=84,"Achieving",I103<=94,"Exceeding",I103<=100,"Outstanding")} -> Developing | L103: =_xlfn.XLOOKUP(K103,Lookup_Performance!$C$2:$C$6,Lookup_Performance!$D$2:$D$6,"N/A",0) -> 0.02 | M103: =H103*L103 -> 998.84 | N103: Active | O103: =TRIM(CLEAN(Table1[[#This Row],[Employment Status]])) -> Active
B104: EMP071 | C104: John Smith | D104: OPS06 | E104: =_xlfn.XLOOKUP(D104,Lookup_Departments!$A$2:$A$7,Lookup_Departments!$B$2:$B$7,"Invalid Dept_Code",0) -> Operations | F104: 43122 | G104: =TEXT(Table1[[#This Row],[Hire Date ]],"yyyy") -> 2018 | H104: 89060 | I104: 58 | J104: =DATEDIF(F104,TODAY(),"Y") -> 8 | K104: {=_xlfn.IFS(I104<=49,"Needs Improvement",I104<=69,"Developing",I104<=84,"Achieving",I104<=94,"Exceeding",I104<=100,"Outstanding")} -> Developing | L104: =_xlfn.XLOOKUP(K104,Lookup_Performance!$C$2:$C$6,Lookup_Performance!$D$2:$D$6,"N/A",0) -> 0.02 | M104: =H104*L104 -> 1781.2 | N104: Active | O104: =TRIM(CLEAN(Table1[[#This Row],[Employment Status]])) -> Active
B105: EMP115 | C105: James Gonzalez | D105: IT02 | E105: =_xlfn.XLOOKUP(D105,Lookup_Departments!$A$2:$A$7,Lookup_Departments!$B$2:$B$7,"Invalid Dept_Code",0) -> Information Technology | F105: 43879 | G105: =TEXT(Table1[[#This Row],[Hire Date ]],"yyyy") -> 2020 | H105: 53786 | I105: 98 | J105: =DATEDIF(F105,TODAY(),"Y") -> 6 | K105: {=_xlfn.IFS(I105<=49,"Needs Improvement",I105<=69,"Developing",I105<=84,"Achieving",I105<=94,"Exceeding",I105<=100,"Outstanding")} -> Outstanding | L105: =_xlfn.XLOOKUP(K105,Lookup_Performance!$C$2:$C$6,Lookup_Performance!$D$2:$D$6,"N/A",0) -> 0.12 | M105: =H105*L105 -> 6454.32 | N105: Active | O105: =TRIM(CLEAN(Table1[[#This Row],[Employment Status]])) -> Active
B106: EMP092 | C106: Emily Johnson | D106: OPS06 | E106: =_xlfn.XLOOKUP(D106,Lookup_Departments!$A$2:$A$7,Lookup_Departments!$B$2:$B$7,"Invalid Dept_Code",0) -> Operations | F106: 05/22/2016 | G106: =TEXT(Table1[[#This Row],[Hire Date ]],"yyyy") -> 2016 | H106: 81167 | I106: 68 | J106: =DATEDIF(F106,TODAY(),"Y") -> 10 | K106: {=_xlfn.IFS(I106<=49,"Needs Improvement",I106<=69,"Developing",I106<=84,"Achieving",I106<=94,"Exceeding",I106<=100,"Outstanding")} -> Developing | L106: =_xlfn.XLOOKUP(K106,Lookup_Performance!$C$2:$C$6,Lookup_Performance!$D$2:$D$6,"N/A",0) -> 0.02 | M106: =H106*L106 -> 1623.34 | N106: Active | O106: =TRIM(CLEAN(Table1[[#This Row],[Employment Status]])) -> Active
B107: EMP084 | C107: William Williams | D107: MKT04 | E107: =_xlfn.XLOOKUP(D107,Lookup_Departments!$A$2:$A$7,Lookup_Departments!$B$2:$B$7,"Invalid Dept_Code",0) -> Marketing | F107: 44349 | G107: =TEXT(Table1[[#This Row],[Hire Date ]],"yyyy") -> 2021 | H107: 66688 | I107: 40 | J107: =DATEDIF(F107,TODAY(),"Y") -> 5 | K107: {=_xlfn.IFS(I107<=49,"Needs Improvement",I107<=69,"Developing",I107<=84,"Achieving",I107<=94,"Exceeding",I107<=100,"Outstanding")} -> Needs Improvement | L107: =_xlfn.XLOOKUP(K107,Lookup_Performance!$C$2:$C$6,Lookup_Performance!$D$2:$D$6,"N/A",0) -> 0 | M107: =H107*L107 -> 0 | N107: Left | O107: =TRIM(CLEAN(Table1[[#This Row],[Employment Status]])) -> Left
B108: EMP142 | C108: James Jones | D108: IT02 | E108: =_xlfn.XLOOKUP(D108,Lookup_Departments!$A$2:$A$7,Lookup_Departments!$B$2:$B$7,"Invalid Dept_Code",0) -> Information Technology | F108: 44394 | G108: =TEXT(Table1[[#This Row],[Hire Date ]],"yyyy") -> 2021 | H108: 91672 | I108: 88 | J108: =DATEDIF(F108,TODAY(),"Y") -> 4 | K108: {=_xlfn.IFS(I108<=49,"Needs Improvement",I108<=69,"Developing",I108<=84,"Achieving",I108<=94,"Exceeding",I108<=100,"Outstanding")} -> Exceeding | L108: =_xlfn.XLOOKUP(K108,Lookup_Performance!$C$2:$C$6,Lookup_Performance!$D$2:$D$6,"N/A",0) -> 0.08 | M108: =H108*L108 -> 7333.76 | N108: Active | O108: =TRIM(CLEAN(Table1[[#This Row],[Employment Status]])) -> Active
B109: EMP143 | C109: Jessica Gonzalez | D109: HR01 | E109: =_xlfn.XLOOKUP(D109,Lookup_Departments!$A$2:$A$7,Lookup_Departments!$B$2:$B$7,"Invalid Dept_Code",0) -> Human Resources | F109: 42687 | G109: =TEXT(Table1[[#This Row],[Hire Date ]],"yyyy") -> 2016 | H109: 77737 | I109: 77 | J109: =DATEDIF(F109,TODAY(),"Y") -> 9 | K109: {=_xlfn.IFS(I109<=49,"Needs Improvement",I109<=69,"Developing",I109<=84,"Achieving",I109<=94,"Exceeding",I109<=100,"Outstanding")} -> Achieving | L109: =_xlfn.XLOOKUP(K109,Lookup_Performance!$C$2:$C$6,Lookup_Performance!$D$2:$D$6,"N/A",0) -> 0.05 | M109: =H109*L109 -> 3886.85 | N109: Active | O109: =TRIM(CLEAN(Table1[[#This Row],[Employment Status]])) -> Active
B110: EMP090 | C110: Sarah Miller | D110: SAL05 | E110: =_xlfn.XLOOKUP(D110,Lookup_Departments!$A$2:$A$7,Lookup_Departments!$B$2:$B$7,"Invalid Dept_Code",0) -> Sales | F110: 43513 | G110: =TEXT(Table1[[#This Row],[Hire Date ]],"yyyy") -> 2019 | H110: 95686 | I110: 91 | J110: =DATEDIF(F110,TODAY(),"Y") -> 7 | K110: {=_xlfn.IFS(I110<=49,"Needs Improvement",I110<=69,"Developing",I110<=84,"Achieving",I110<=94,"Exceeding",I110<=100,"Outstanding")} -> Exceeding | L110: =_xlfn.XLOOKUP(K110,Lookup_Performance!$C$2:$C$6,Lookup_Performance!$D$2:$D$6,"N/A",0) -> 0.08 | M110: =H110*L110 -> 7654.88 | N110: Active | O110: =TRIM(CLEAN(Table1[[#This Row],[Employment Status]])) -> Active
B111: EMP009 | C111: Jessica Smith | D111: SAL05 | E111: =_xlfn.XLOOKUP(D111,Lookup_Departments!$A$2:$A$7,Lookup_Departments!$B$2:$B$7,"Invalid Dept_Code",0) -> Sales | F111: 42625 | G111: =TEXT(Table1[[#This Row],[Hire Date ]],"yyyy") -> 2016 | H111: 114681 | I111: 36 | J111: =DATEDIF(F111,TODAY(),"Y") -> 9 | K111: {=_xlfn.IFS(I111<=49,"Needs Improvement",I111<=69,"Developing",I111<=84,"Achieving",I111<=94,"Exceeding",I111<=100,"Outstanding")} -> Needs Improvement | L111: =_xlfn.XLOOKUP(K111,Lookup_Performance!$C$2:$C$6,Lookup_Performance!$D$2:$D$6,"N/A",0) -> 0 | M111: =H111*L111 -> 0 | N111: Active | O111: =TRIM(CLEAN(Table1[[#This Row],[Employment Status]])) -> Active
B112: EMP014 | C112: Thomas Jones | D112: OPS06 | E112: =_xlfn.XLOOKUP(D112,Lookup_Departments!$A$2:$A$7,Lookup_Departments!$B$2:$B$7,"Invalid Dept_Code",0) -> Operations | F112: 44421 | G112: =TEXT(Table1[[#This Row],[Hire Date ]],"yyyy") -> 2021 | H112: 109121 | I112: 72 | J112: =DATEDIF(F112,TODAY(),"Y") -> 4 | K112: {=_xlfn.IFS(I112<=49,"Needs Improvement",I112<=69,"Developing",I112<=84,"Achieving",I112<=94,"Exceeding",I112<=100,"Outstanding")} -> Achieving | L112: =_xlfn.XLOOKUP(K112,Lookup_Performance!$C$2:$C$6,Lookup_Performance!$D$2:$D$6,"N/A",0) -> 0.05 | M112: =H112*L112 -> 5456.05 | N112: Active | O112: =TRIM(CLEAN(Table1[[#This Row],[Employment Status]])) -> Active
B113: EMP060 | C113: Amanda Brown | D113: MKT04 | E113: =_xlfn.XLOOKUP(D113,Lookup_Departments!$A$2:$A$7,Lookup_Departments!$B$2:$B$7,"Invalid Dept_Code",0) -> Marketing | F113: 43996 | G113: =TEXT(Table1[[#This Row],[Hire Date ]],"yyyy") -> 2020 | H113: 112791 | I113: 87 | J113: =DATEDIF(F113,TODAY(),"Y") -> 6 | K113: {=_xlfn.IFS(I113<=49,"Needs Improvement",I113<=69,"Developing",I113<=84,"Achieving",I113<=94,"Exceeding",I113<=100,"Outstanding")} -> Exceeding | L113: =_xlfn.XLOOKUP(K113,Lookup_Performance!$C$2:$C$6,Lookup_Performance!$D$2:$D$6,"N/A",0) -> 0.08 | M113: =H113*L113 -> 9023.28 | N113: Active | O113: =TRIM(CLEAN(Table1[[#This Row],[Employment Status]])) -> Active
B114: EMP135 | C114: Robert Martinez | D114: IT02 | E114: =_xlfn.XLOOKUP(D114,Lookup_Departments!$A$2:$A$7,Lookup_Departments!$B$2:$B$7,"Invalid Dept_Code",0) -> Information Technology | F114: 8222 | G114: =TEXT(Table1[[#This Row],[Hire Date ]],"yyyy") -> 1922 | H114: 118008 | I114: 71 | J114: =DATEDIF(F114,TODAY(),"Y") -> 104 | K114: {=_xlfn.IFS(I114<=49,"Needs Improvement",I114<=69,"Developing",I114<=84,"Achieving",I114<=94,"Exceeding",I114<=100,"Outstanding")} -> Achieving | L114: =_xlfn.XLOOKUP(K114,Lookup_Performance!$C$2:$C$6,Lookup_Performance!$D$2:$D$6,"N/A",0) -> 0.05 | M114: =H114*L114 -> 5900.4 | N114: Active | O114: =TRIM(CLEAN(Table1[[#This Row],[Employment Status]])) -> Active
B115: EMP004 | C115: Thomas Miller | D115: IT02 | E115: =_xlfn.XLOOKUP(D115,Lookup_Departments!$A$2:$A$7,Lookup_Departments!$B$2:$B$7,"Invalid Dept_Code",0) -> Information Technology | F115: 07/10/2016 | G115: =TEXT(Table1[[#This Row],[Hire Date ]],"yyyy") -> 2016 | H115: 74370 | I115: 82 | J115: =DATEDIF(F115,TODAY(),"Y") -> 10 | K115: {=_xlfn.IFS(I115<=49,"Needs Improvement",I115<=69,"Developing",I115<=84,"Achieving",I115<=94,"Exceeding",I115<=100,"Outstanding")} -> Achieving | L115: =_xlfn.XLOOKUP(K115,Lookup_Performance!$C$2:$C$6,Lookup_Performance!$D$2:$D$6,"N/A",0) -> 0.05 | M115: =H115*L115 -> 3718.5 | N115: Active | O115: =TRIM(CLEAN(Table1[[#This Row],[Employment Status]])) -> Active
B116: EMP018 | C116: David Rodriguez | D116: IT02 | E116: =_xlfn.XLOOKUP(D116,Lookup_Departments!$A$2:$A$7,Lookup_Departments!$B$2:$B$7,"Invalid Dept_Code",0) -> Information Technology | F116: 44674 | G116: =TEXT(Table1[[#This Row],[Hire Date ]],"yyyy") -> 2022 | H116: 77819 | I116: 79 | J116: =DATEDIF(F116,TODAY(),"Y") -> 4 | K116: {=_xlfn.IFS(I116<=49,"Needs Improvement",I116<=69,"Developing",I116<=84,"Achieving",I116<=94,"Exceeding",I116<=100,"Outstanding")} -> Achieving | L116: =_xlfn.XLOOKUP(K116,Lookup_Performance!$C$2:$C$6,Lookup_Performance!$D$2:$D$6,"N/A",0) -> 0.05 | M116: =H116*L116 -> 3890.95 | N116: Active | O116: =TRIM(CLEAN(Table1[[#This Row],[Employment Status]])) -> Active
B117: EMP039 | C117: Jane Miller | D117: MKT04 | E117: =_xlfn.XLOOKUP(D117,Lookup_Departments!$A$2:$A$7,Lookup_Departments!$B$2:$B$7,"Invalid Dept_Code",0) -> Marketing | F117: 05/10/2017 | G117: =TEXT(Table1[[#This Row],[Hire Date ]],"yyyy") -> 2017 | H117: 48748 | I117: 83 | J117: =DATEDIF(F117,TODAY(),"Y") -> 9 | K117: {=_xlfn.IFS(I117<=49,"Needs Improvement",I117<=69,"Developing",I117<=84,"Achieving",I117<=94,"Exceeding",I117<=100,"Outstanding")} -> Achieving | L117: =_xlfn.XLOOKUP(K117,Lookup_Performance!$C$2:$C$6,Lookup_Performance!$D$2:$D$6,"N/A",0) -> 0.05 | M117: =H117*L117 -> 2437.4 | N117: Active | O117: =TRIM(CLEAN(Table1[[#This Row],[Employment Status]])) -> Active
B118: EMP073 | C118: James Rodriguez | D118: OPS06 | E118: =_xlfn.XLOOKUP(D118,Lookup_Departments!$A$2:$A$7,Lookup_Departments!$B$2:$B$7,"Invalid Dept_Code",0) -> Operations | F118: 43971 | G118: =TEXT(Table1[[#This Row],[Hire Date ]],"yyyy") -> 2020 | H118: 101997 | I118: 38 | J118: =DATEDIF(F118,TODAY(),"Y") -> 6 | K118: {=_xlfn.IFS(I118<=49,"Needs Improvement",I118<=69,"Developing",I118<=84,"Achieving",I118<=94,"Exceeding",I118<=100,"Outstanding")} -> Needs Improvement | L118: =_xlfn.XLOOKUP(K118,Lookup_Performance!$C$2:$C$6,Lookup_Performance!$D$2:$D$6,"N/A",0) -> 0 | M118: =H118*L118 -> 0 | N118: Resigned | O118: =TRIM(CLEAN(Table1[[#This Row],[Employment Status]])) -> Resigned
B119: EMP138 | C119: Sarah Rodriguez | D119: HR01 | E119: =_xlfn.XLOOKUP(D119,Lookup_Departments!$A$2:$A$7,Lookup_Departments!$B$2:$B$7,"Invalid Dept_Code",0) -> Human Resources | F119: 04/20/2023 | G119: =TEXT(Table1[[#This Row],[Hire Date ]],"yyyy") -> 2023 | H119: 115260 | I119: 77 | J119: =DATEDIF(F119,TODAY(),"Y") -> 3 | K119: {=_xlfn.IFS(I119<=49,"Needs Improvement",I119<=69,"Developing",I119<=84,"Achieving",I119<=94,"Exceeding",I119<=100,"Outstanding")} -> Achieving | L119: =_xlfn.XLOOKUP(K119,Lookup_Performance!$C$2:$C$6,Lookup_Performance!$D$2:$D$6,"N/A",0) -> 0.05 | M119: =H119*L119 -> 5763 | N119: Active | O119: =TRIM(CLEAN(Table1[[#This Row],[Employment Status]])) -> Active
B120: EMP007 | C120: Sarah Wilson | D120: SAL05 | E120: =_xlfn.XLOOKUP(D120,Lookup_Departments!$A$2:$A$7,Lookup_Departments!$B$2:$B$7,"Invalid Dept_Code",0) -> Sales | F120: 44500 | G120: =TEXT(Table1[[#This Row],[Hire Date ]],"yyyy") -> 2021 | H120: 80907 | I120: 49 | J120: =DATEDIF(F120,TODAY(),"Y") -> 4 | K120: {=_xlfn.IFS(I120<=49,"Needs Improvement",I120<=69,"Developing",I120<=84,"Achieving",I120<=94,"Exceeding",I120<=100,"Outstanding")} -> Needs Improvement | L120: =_xlfn.XLOOKUP(K120,Lookup_Performance!$C$2:$C$6,Lookup_Performance!$D$2:$D$6,"N/A",0) -> 0 | M120: =H120*L120 -> 0 | N120: Active | O120: =TRIM(CLEAN(Table1[[#This Row],[Employment Status]])) -> Active
B121: EMP144 | C121: Melissa Brown | D121: IT02 | E121: =_xlfn.XLOOKUP(D121,Lookup_Departments!$A$2:$A$7,Lookup_Departments!$B$2:$B$7,"Invalid Dept_Code",0) -> Information Technology | F121: 7968 | G121: =TEXT(Table1[[#This Row],[Hire Date ]],"yyyy") -> 1921 | H121: 74560 | I121: 69 | J121: =DATEDIF(F121,TODAY(),"Y") -> 104 | K121: {=_xlfn.IFS(I121<=49,"Needs Improvement",I121<=69,"Developing",I121<=84,"Achieving",I121<=94,"Exceeding",I121<=100,"Outstanding")} -> Developing | L121: =_xlfn.XLOOKUP(K121,Lookup_Performance!$C$2:$C$6,Lookup_Performance!$D$2:$D$6,"N/A",0) -> 0.02 | M121: =H121*L121 -> 1491.2 | N121: Left | O121: =TRIM(CLEAN(Table1[[#This Row],[Employment Status]])) -> Left
B122: EMP101 | C122: Robert Williams | D122: SAL05 | E122: =_xlfn.XLOOKUP(D122,Lookup_Departments!$A$2:$A$7,Lookup_Departments!$B$2:$B$7,"Invalid Dept_Code",0) -> Sales | F122: 42956 | G122: =TEXT(Table1[[#This Row],[Hire Date ]],"yyyy") -> 2017 | H122: 80907 | I122: 76 | J122: =DATEDIF(F122,TODAY(),"Y") -> 8 | K122: {=_xlfn.IFS(I122<=49,"Needs Improvement",I122<=69,"Developing",I122<=84,"Achieving",I122<=94,"Exceeding",I122<=100,"Outstanding")} -> Achieving | L122: =_xlfn.XLOOKUP(K122,Lookup_Performance!$C$2:$C$6,Lookup_Performance!$D$2:$D$6,"N/A",0) -> 0.05 | M122: =H122*L122 -> 4045.35 | N122: Active | O122: =TRIM(CLEAN(Table1[[#This Row],[Employment Status]])) -> Active
B123: EMP003 | C123: Melissa Rodriguez | D123: OPS06 | E123: =_xlfn.XLOOKUP(D123,Lookup_Departments!$A$2:$A$7,Lookup_Departments!$B$2:$B$7,"Invalid Dept_Code",0) -> Operations | F123: 44930 | G123: =TEXT(Table1[[#This Row],[Hire Date ]],"yyyy") -> 2023 | H123: 60623 | I123: 78 | J123: =DATEDIF(F123,TODAY(),"Y") -> 3 | K123: {=_xlfn.IFS(I123<=49,"Needs Improvement",I123<=69,"Developing",I123<=84,"Achieving",I123<=94,"Exceeding",I123<=100,"Outstanding")} -> Achieving | L123: =_xlfn.XLOOKUP(K123,Lookup_Performance!$C$2:$C$6,Lookup_Performance!$D$2:$D$6,"N/A",0) -> 0.05 | M123: =H123*L123 -> 3031.15 | N123: Active | O123: =TRIM(CLEAN(Table1[[#This Row],[Employment Status]])) -> Active
B124: EMP121 | C124: James Johnson | D124: HR01 | E124: =_xlfn.XLOOKUP(D124,Lookup_Departments!$A$2:$A$7,Lookup_Departments!$B$2:$B$7,"Invalid Dept_Code",0) -> Human Resources | F124: 44053 | G124: =TEXT(Table1[[#This Row],[Hire Date ]],"yyyy") -> 2020 | H124: 68092 | I124: 93 | J124: =DATEDIF(F124,TODAY(),"Y") -> 5 | K124: {=_xlfn.IFS(I124<=49,"Needs Improvement",I124<=69,"Developing",I124<=84,"Achieving",I124<=94,"Exceeding",I124<=100,"Outstanding")} -> Exceeding | L124: =_xlfn.XLOOKUP(K124,Lookup_Performance!$C$2:$C$6,Lookup_Performance!$D$2:$D$6,"N/A",0) -> 0.08 | M124: =H124*L124 -> 5447.36 | N124: Active | O124: =TRIM(CLEAN(Table1[[#This Row],[Employment Status]])) -> Active
B125: EMP064 | C125: Michael Wilson | D125: MKT04 | E125: =_xlfn.XLOOKUP(D125,Lookup_Departments!$A$2:$A$7,Lookup_Departments!$B$2:$B$7,"Invalid Dept_Code",0) -> Marketing | F125: 44653 | G125: =TEXT(Table1[[#This Row],[Hire Date ]],"yyyy") -> 2022 | H125: 88155 | I125: 68 | J125: =DATEDIF(F125,TODAY(),"Y") -> 4 | K125: {=_xlfn.IFS(I125<=49,"Needs Improvement",I125<=69,"Developing",I125<=84,"Achieving",I125<=94,"Exceeding",I125<=100,"Outstanding")} -> Developing | L125: =_xlfn.XLOOKUP(K125,Lookup_Performance!$C$2:$C$6,Lookup_Performance!$D$2:$D$6,"N/A",0) -> 0.02 | M125: =H125*L125 -> 1763.1 | N125: Active | O125: =TRIM(CLEAN(Table1[[#This Row],[Employment Status]])) -> Active
B126: EMP116 | C126: William Jones | D126: MKT04 | E126: =_xlfn.XLOOKUP(D126,Lookup_Departments!$A$2:$A$7,Lookup_Departments!$B$2:$B$7,"Invalid Dept_Code",0) -> Marketing | F126: 43183 | G126: =TEXT(Table1[[#This Row],[Hire Date ]],"yyyy") -> 2018 | H126: 107903 | I126: 42 | J126: =DATEDIF(F126,TODAY(),"Y") -> 8 | K126: {=_xlfn.IFS(I126<=49,"Needs Improvement",I126<=69,"Developing",I126<=84,"Achieving",I126<=94,"Exceeding",I126<=100,"Outstanding")} -> Needs Improvement | L126: =_xlfn.XLOOKUP(K126,Lookup_Performance!$C$2:$C$6,Lookup_Performance!$D$2:$D$6,"N/A",0) -> 0 | M126: =H126*L126 -> 0 | N126: Active | O126: =TRIM(CLEAN(Table1[[#This Row],[Employment Status]])) -> Active
B127: EMP055 | C127: William Williams | D127: IT02 | E127: =_xlfn.XLOOKUP(D127,Lookup_Departments!$A$2:$A$7,Lookup_Departments!$B$2:$B$7,"Invalid Dept_Code",0) -> Information Technology | F127: 43305 | G127: =TEXT(Table1[[#This Row],[Hire Date ]],"yyyy") -> 2018 | H127: 62818 | I127: 34 | J127: =DATEDIF(F127,TODAY(),"Y") -> 7 | K127: {=_xlfn.IFS(I127<=49,"Needs Improvement",I127<=69,"Developing",I127<=84,"Achieving",I127<=94,"Exceeding",I127<=100,"Outstanding")} -> Needs Improvement | L127: =_xlfn.XLOOKUP(K127,Lookup_Performance!$C$2:$C$6,Lookup_Performance!$D$2:$D$6,"N/A",0) -> 0 | M127: =H127*L127 -> 0 | N127: Active | O127: =TRIM(CLEAN(Table1[[#This Row],[Employment Status]])) -> Active
B128: EMP108 | C128: David Williams | D128: HR01 | E128: =_xlfn.XLOOKUP(D128,Lookup_Departments!$A$2:$A$7,Lookup_Departments!$B$2:$B$7,"Invalid Dept_Code",0) -> Human Resources | F128: 43301 | G128: =TEXT(Table1[[#This Row],[Hire Date ]],"yyyy") -> 2018 | H128: 85151 | I128: 35 | J128: =DATEDIF(F128,TODAY(),"Y") -> 7 | K128: {=_xlfn.IFS(I128<=49,"Needs Improvement",I128<=69,"Developing",I128<=84,"Achieving",I128<=94,"Exceeding",I128<=100,"Outstanding")} -> Needs Improvement | L128: =_xlfn.XLOOKUP(K128,Lookup_Performance!$C$2:$C$6,Lookup_Performance!$D$2:$D$6,"N/A",0) -> 0 | M128: =H128*L128 -> 0 | N128: Active | O128: =TRIM(CLEAN(Table1[[#This Row],[Employment Status]])) -> Active
...

Sheet Lookup_Departments
A1: Dept_Code | B1: Department_Name
A2: HR01 | B2: Human Resources
A3: IT02 | B3: Information Technology
A4: FIN03 | B4: Finance
A5: MKT04 | B5: Marketing
A6: SAL05 | B6: Sales
A7: OPS06 | B7: Operations

Sheet Lookup_Performance
A1: Min_Score | B1: Max_Score | C1: Performance_Band | D1: Bonus_Percentage
A2: 0 | B2: 49 | C2: Needs Improvement | D2: 0
A3: 50 | B3: 69 | C3: Developing | D3: 0.02
A4: 70 | B4: 84 | C4: Achieving | D4: 0.05
A5: 85 | B5: 94 | C5: Exceeding | D5: 0.08
A6: 95 | B6: 100 | C6: Outstanding | D6: 0.12

Sheet Analysis
B1: Headcount & Salary
B3: Count of Emp ID | D3: Average of Salary
B4: 150 | C4: =GETPIVOTDATA("[Measures].[Count of Emp ID]",$B$3) -> 150 | D4: 83341.107 | E4: =GETPIVOTDATA("[Measures].[Average of Salary]",$D$3) -> 83341.107
B8: Departments | C8: No. of Headcount | E8: Departments | F8: Average of Salary
B9: Finance | C9: 17 | E9: Finance | F9: 89240.235
B10: Human Resources | C10: 18 | E10: Human Resources | F10: 85688.778
B11: Information Technology | C11: 36 | E11: Information Technology | F11: 79256.722
B12: Marketing | C12: 19 | E12: Marketing | F12: 85675.579
B13: Operations | C13: 29 | E13: Operations | F13: 79512.276
B14: Sales | C14: 31 | E14: Sales | F14: 85637.097
B15: Grand Total | C15: 150 | E15: Grand Total | F15: 83341.107
C17: Attrition Rate
B20: Employment Status | C20: Headcounts | E20: Department with highest | F20: No. of Headcounts | H20: Department with highest | I20: No. of Headcounts
B21: Active | C21: 116 | E21: Departments | F21: Active | H21: Departments | I21: Active | J21: Left | K21: Resigned
B22: Left | C22: 24 | E22: Sales | F22: 25 | H22: Sales | I22: 25 | J22: 4 | K22: 2
B23: Resigned | C23: 10 | E23: Grand Total | F23: 25 | H23: Grand Total | I23: 25 | J23: 4 | K23: 2
B24: Grand Total | C24: 150
B28: Count of Emp ID | C28: Column Labels | G28: Count of Emp ID | H28: Column Labels
B29: Row Labels | C29: Active | D29: Left | E29: Resigned | G29: Row Labels | H29: Active | I29: Left | J29: Resigned | K29: Grand Total
B30: Finance | C30: 14 | D30: 3 | G30: Finance | H30: 0.82352941 | I30: 0.17647059 | J30: 0 | K30: 1
B31: Human Resources | C31: 15 | D31: 2 | E31: 1 | G31: Human Resources | H31: 0.83333333 | I31: 0.11111111 | J31: 0.055555556 | K31: 1
B32: Information Technology | C32: 28 | D32: 6 | E32: 2 | G32: Information Technology | H32: 0.77777778 | I32: 0.16666667 | J32: 0.055555556 | K32: 1
B33: Marketing | C33: 16 | D33: 3 | G33: Marketing | H33: 0.84210526 | I33: 0.15789474 | J33: 0 | K33: 1
B34: Operations | C34: 18 | D34: 6 | E34: 5 | G34: Operations | H34: 0.62068966 | I34: 0.20689655 | J34: 0.17241379 | K34: 1
B35: Sales | C35: 25 | D35: 4 | E35: 2 | G35: Sales | H35: 0.80645161 | I35: 0.12903226 | J35: 0.064516129 | K35: 1
B36: Grand Total | C36: 116 | D36: 24 | E36: 10 | G36: Grand Total | H36: 0.77333333 | I36: 0.16 | J36: 0.066666667 | K36: 1 | L36: =GETPIVOTDATA("[Measures].[Count of Emp ID]",$G$28,"[Table1].[Employment Status]","[Table1].[Employment Status].&[Left]") -> 0.16
B41: Performance by Status
B43: Department | C43: Avg. Performance Score
B44: Human Resources | C44: 71 | H44: Row Labels | I44: Count of Emp ID
B45: Marketing | C45: 73.210526 | H45: Achieving | I45: 0.27333333
B46: Grand Total | C46: 72.135135 | E46: Performance Band | F46: Bonus Payout | H46: Developing | I46: 0.32666667
E47: Needs Improvement | F47: 0 | H47: Exceeding | I47: 0.14666667
E48: Developing | F48: 84484.2 | H48: Needs Improvement | I48: 0.18666667
B49: Row Labels | C49: Avg. Performance Score | E49: Outstanding | F49: 91326.24 | H49: Outstanding | I49: 0.066666667
B50: Finance | C50: 68.941176 | E50: Exceeding | F50: 144880.48 | H50: Grand Total | I50: 1
B51: Human Resources | C51: 71 | E51: Achieving | F51: 164690.8
B52: Information Technology | C52: 65.388889 | E52: Grand Total | F52: 485381.72
B53: Marketing | C53: 73.210526
B54: Operations | C54: 69.931034
B55: Sales | C55: 64.129032
B56: Grand Total | C56: 68.073333
C60: Bonus Payout
B62: Total Bonus Amount | E62: Performance | F62: Bonus Amount | H62: Performance | I62: Avg. Perf_Score | J62: Avg. Bonus Amount
B63: 485381.72 | E63: Achieving | F63: 164690.8 | H63: Achieving | I63: 77.04878 | J63: 4016.8488
E64: Developing | F64: 84484.2 | H64: Developing | I64: 61.22449 | J64: 1724.1673
B65: Performance | C65: HIghest Bonus Amount | E65: Exceeding | F65: 144880.48 | H65: Exceeding | I65: 90.636364 | J65: 6585.4764
B66: Information Technology | C66: 103135.39 | E66: Needs Improvement | F66: 0 | H66: Needs Improvement | I66: 38.857143 | J66: 0
B67: Grand Total | C67: 103135.39 | E67: Outstanding | F67: 91326.24 | H67: Outstanding | I67: 97 | J67: 9132.624
E68: Grand Total | F68: 485381.72 | G68: =GETPIVOTDATA("[Measures].[Sum of Eligible Bonus Amount]",$E$62) -> 485381.72 | H68: Grand Total | I68: 68.073333 | J68: 3235.8781

Sheet HR_Dashboard_Workforce

Sheet HR_Dashboard_Performance
